Server_Power,Network,Workload,Section,Power,Util,CPU_Power,Memory_Power,Network_Power,Offloading_Ratio,CPU_Frequency_1,CPU_Frequency_0.5,CPU_Frequency_0.25,CPU_Frequency_0.125
2,0,0.1,CO-DMO-CT,3.839225,0.943594,2.43862,1.400605,0.0,0.0,4,8,22,46
2,0,0.1,CO-DMO,3.839225,0.943594,2.43862,1.400605,0.0,0.0,4,8,22,46
2,0,0.1,Offloading,11.946165,0.06895,4.413046,7.533119,0.0,0.3625,80,0,0,0
2,0,0.1,DVS,9.559578,0.799169,2.025813,7.533765,0.0,0.0,4,6,20,50
2,0,0.1,Baseline,14.720604,0.125,7.187485,7.533119,0.0,0.0,80,0,0,0
2,0,0.2,CO-DMO-CT,6.955449,1.001988,5.263083,1.692366,0.0,0.0,7,16,41,16
2,0,0.2,CO-DMO,6.955449,1.001988,5.263083,1.692366,0.0,0.0,7,16,41,16
2,0,0.2,Offloading,13.994056,0.110321,6.460866,7.533191,0.0,0.3625,80,0,0,0
2,0,0.2,DVS,11.674501,0.998208,4.140573,7.533928,0.0,0.0,3,19,29,29
2,0,0.2,Baseline,18.433144,0.199999,10.899953,7.533191,0.0,0.0,80,0,0,0
2,0,0.3,CO-DMO-CT,9.156218,0.673796,5.164728,3.99149,0.0,0.3625,23,19,15,23
2,0,0.3,CO-DMO,9.156218,0.673796,5.164728,3.99149,0.0,0.3625,23,19,15,23
2,0,0.3,Offloading,16.724566,0.16548,9.19128,7.533286,0.0,0.3625,80,0,0,0
2,0,0.3,DVS,15.932699,0.999227,8.398733,7.533965,0.0,0.0,9,34,26,11
2,0,0.3,Baseline,23.383182,0.299998,15.849895,7.533286,0.0,0.0,80,0,0,0
2,0,0.4,CO-DMO-CT,10.874661,0.898391,6.881075,3.993587,0.0,0.3625,23,19,15,23
2,0,0.4,CO-DMO,10.874661,0.898391,6.881075,3.993587,0.0,0.3625,23,19,15,23
2,0,0.4,Offloading,19.455052,0.22064,11.92167,7.533382,0.0,0.3625,80,0,0,0
2,0,0.4,DVS,20.824403,0.997416,13.29041,7.533993,0.0,0.0,21,32,25,2
2,0,0.4,Baseline,28.333184,0.399996,20.799802,7.533382,0.0,0.0,80,0,0,0
2,0,0.5,CO-DMO-CT,12.595028,1.122988,8.599345,3.995683,0.0,0.3625,23,19,15,23
2,0,0.5,CO-DMO,12.595028,1.122988,8.599345,3.995683,0.0,0.3625,23,19,15,23
2,0,0.5,Offloading,22.185547,0.275799,14.652069,7.533477,0.0,0.3625,80,0,0,0
2,0,0.5,DVS,26.609947,0.99454,19.075996,7.533952,0.0,0.0,36,26,17,1
2,0,0.5,Baseline,33.283201,0.499994,25.749724,7.533477,0.0,0.0,80,0,0,0
2,0,0.6,CO-DMO-CT,14.316978,1.347585,10.319198,3.99778,0.0,0.3625,23,19,15,23
2,0,0.6,CO-DMO,14.316978,1.347585,10.319198,3.99778,0.0,0.3625,23,19,15,23
2,0,0.6,Offloading,24.916038,0.330959,17.382465,7.533573,0.0,0.3625,80,0,0,0
2,0,0.6,DVS,32.654084,0.998273,25.120164,7.533921,0.0,0.0,41,25,11,3
2,0,0.6,Baseline,38.23319,0.599992,30.699618,7.533573,0.0,0.0,80,0,0,0
2,0,0.7,CO-DMO-CT,21.083394,1.487267,17.085985,3.997409,0.0,0.275,29,24,11,16
2,0,0.7,CO-DMO,21.083394,1.487267,17.085985,3.997409,0.0,0.275,29,24,11,16
2,0,0.7,Offloading,27.646478,0.386117,20.11281,7.533668,0.0,0.3625,80,0,0,0
2,0,0.7,DVS,38.598044,0.998757,31.064122,7.533921,0.0,0.0,53,21,5,1
2,0,0.7,Baseline,43.183139,0.699989,35.649471,7.533668,0.0,0.0,80,0,0,0
2,0,0.8,CO-DMO-CT,44.524536,0.995683,40.826402,3.698134,0.0,0.0,71,7,2,0
2,0,0.8,CO-DMO,44.524536,0.995683,40.826402,3.698134,0.0,0.0,71,7,2,0
2,0,0.8,Offloading,30.376894,0.441275,22.84313,7.533764,0.0,0.3625,80,0,0,0
2,0,0.8,DVS,44.964557,0.998647,37.43061,7.533948,0.0,0.0,62,16,2,0
2,0,0.8,Baseline,48.132995,0.799984,40.599231,7.533764,0.0,0.0,80,0,0,0
2,0,0.9,CO-DMO-CT,51.323832,0.997855,47.269256,4.054577,0.0,0.0,77,2,1,0
2,0,0.9,CO-DMO,51.323832,0.997855,47.269256,4.054577,0.0,0.0,77,2,1,0
2,0,0.9,Offloading,33.107343,0.496434,25.573484,7.533859,0.0,0.3625,80,0,0,0
2,0,0.9,DVS,51.329986,0.999733,43.796046,7.53394,0.0,0.0,70,8,2,0
2,0,0.9,Baseline,53.082968,0.899982,45.549109,7.533859,0.0,0.0,80,0,0,0
2,0,1.0,CO-DMO-CT,55.755456,1.011084,50.066928,5.688527,0.0,0.0,80,0,0,0
2,0,1.0,CO-DMO,55.755456,1.011084,50.066928,5.688527,0.0,0.0,80,0,0,0
2,0,1.0,Offloading,35.155274,0.537805,27.621344,7.533931,0.0,0.3625,80,0,0,0
2,0,1.0,DVS,56.34959,0.999742,48.815633,7.533957,0.0,0.0,78,2,0,0
2,0,1.0,Baseline,56.795506,0.974981,49.261575,7.533931,0.0,0.0,80,0,0,0
2,0,1.1,CO-DMO-CT,58.311999,1.064571,52.672106,5.639893,0.0,0.0,80,0,0,0
2,0,1.1,CO-DMO,58.311999,1.064571,52.672106,5.639893,0.0,0.0,80,0,0,0
2,0,1.1,Offloading,36.520457,0.565383,28.986479,7.533978,0.0,0.3625,80,0,0,0
2,0,1.1,DVS,59.2955,1.024981,51.761522,7.533978,0.0,0.0,80,0,0,0
2,0,1.1,Baseline,59.2955,1.024981,51.761522,7.533978,0.0,0.0,80,0,0,0
2,10,0.1,CO-DMO-CT,3.996618,0.506895,1.21221,1.488738,1.295671,0.3875,13,7,26,34
2,10,0.1,CO-DMO,3.80881,0.423798,1.059856,1.172605,1.576348,0.45,12,14,22,32
2,10,0.1,Offloading,11.866138,0.012812,1.634176,7.533119,2.698844,0.7375,80,0,0,0
2,10,0.1,DVS,9.559578,0.799169,2.025813,7.533765,0.0,0.0,4,6,20,50
2,10,0.1,Baseline,14.720604,0.125,7.187485,7.533119,0.0,0.0,80,0,0,0
2,10,0.2,CO-DMO-CT,5.531593,0.954598,2.131883,1.622786,1.776924,0.3375,6,18,19,37
2,10,0.2,CO-DMO,4.773521,0.791637,1.606626,0.885693,2.281202,0.425,6,16,20,38
2,10,0.2,Offloading,13.866007,0.020499,2.014677,7.533191,4.318139,0.7375,80,0,0,0
2,10,0.2,DVS,11.674501,0.998208,4.140573,7.533928,0.0,0.0,3,19,29,29
2,10,0.2,Baseline,18.433144,0.199999,10.899953,7.533191,0.0,0.0,80,0,0,0
2,10,0.3,CO-DMO-CT,8.270605,0.939833,2.579688,2.118181,3.572737,0.45,9,17,23,31
2,10,0.3,CO-DMO,8.022457,0.990258,2.241765,1.837534,3.943158,0.475,10,14,24,32
2,10,0.3,Offloading,16.53249,0.030748,2.52201,7.533286,6.477193,0.7375,80,0,0,0
2,10,0.3,DVS,15.932699,0.999227,8.398733,7.533965,0.0,0.0,9,34,26,11
2,10,0.3,Baseline,23.383182,0.299998,15.849895,7.533286,0.0,0.0,80,0,0,0
2,10,0.4,CO-DMO-CT,10.372601,0.999928,2.914721,1.740378,5.717503,0.525,13,16,22,29
2,10,0.4,CO-DMO,10.374384,1.000086,2.459908,2.089221,5.825256,0.525,13,13,25,29
2,10,0.4,Offloading,19.198952,0.040997,3.029335,7.533382,8.636235,0.7375,80,0,0,0
2,10,0.4,DVS,20.824403,0.997416,13.29041,7.533993,0.0,0.0,21,32,25,2
2,10,0.4,Baseline,28.333184,0.399996,20.799802,7.533382,0.0,0.0,80,0,0,0
2,10,0.5,CO-DMO-CT,13.144008,0.988922,2.453957,2.304628,8.385423,0.5875,6,15,31,28
2,10,0.5,CO-DMO,13.33629,0.997917,3.684366,2.245127,7.406798,0.5375,18,15,28,19
2,10,0.5,Offloading,21.865423,0.051246,3.536665,7.533477,10.795281,0.7375,80,0,0,0
2,10,0.5,DVS,26.609947,0.99454,19.075996,7.533952,0.0,0.0,36,26,17,1
2,10,0.5,Baseline,33.283201,0.499994,25.749724,7.533477,0.0,0.0,80,0,0,0
2,10,0.6,CO-DMO-CT,15.686161,0.9952,3.497465,2.046817,10.141879,0.5875,14,22,22,22
2,10,0.6,CO-DMO,16.353924,0.945888,3.764378,2.409541,10.180004,0.575,14,18,24,24
2,10,0.6,Offloading,24.531878,0.061495,4.044002,7.533573,12.954304,0.7375,80,0,0,0
2,10,0.6,DVS,32.654084,0.998273,25.120164,7.533921,0.0,0.0,41,25,11,3
2,10,0.6,Baseline,38.23319,0.599992,30.699618,7.533573,0.0,0.0,80,0,0,0
2,10,0.7,CO-DMO-CT,18.784189,1.00036,5.185169,2.003858,11.595163,0.5875,10,19,35,16
2,10,0.7,CO-DMO,18.10616,0.986328,3.373914,2.37663,12.355616,0.6375,16,19,28,17
2,10,0.7,Offloading,27.663785,0.090209,5.465354,7.533668,14.664763,0.7125,80,0,0,0
2,10,0.7,DVS,38.598044,0.998757,31.064122,7.533921,0.0,0.0,53,21,5,1
2,10,0.7,Baseline,43.183139,0.699989,35.649471,7.533668,0.0,0.0,80,0,0,0
2,10,0.8,CO-DMO-CT,21.169494,0.985806,4.707505,2.098663,14.363326,0.625,13,21,29,17
2,10,0.8,CO-DMO,22.189743,0.95895,5.005742,3.175001,14.008999,0.625,11,17,29,23
2,10,0.8,Offloading,29.864665,0.081992,5.058595,7.533764,17.272306,0.7375,80,0,0,0
2,10,0.8,DVS,44.964557,0.998647,37.43061,7.533948,0.0,0.0,62,16,2,0
2,10,0.8,Baseline,48.132995,0.799984,40.599231,7.533764,0.0,0.0,80,0,0,0
2,10,0.9,CO-DMO-CT,24.723048,0.97081,6.688104,2.841699,15.193245,0.6,15,23,30,12
2,10,0.9,CO-DMO,24.24585,0.964402,5.367914,2.493852,16.384083,0.5875,20,28,21,11
2,10,0.9,Offloading,33.129572,0.115982,6.741119,7.533859,18.854594,0.7125,80,0,0,0
2,10,0.9,DVS,51.329986,0.999733,43.796046,7.53394,0.0,0.0,70,8,2,0
2,10,0.9,Baseline,53.082968,0.899982,45.549109,7.533859,0.0,0.0,80,0,0,0
2,10,1.0,CO-DMO-CT,27.147525,0.973852,7.64522,2.396982,17.105323,0.6375,26,25,19,10
2,10,1.0,CO-DMO,26.100049,0.968291,5.200392,2.613558,18.286099,0.65,19,23,26,12
2,10,1.0,Offloading,34.530997,0.099928,5.946419,7.533931,21.050647,0.7375,80,0,0,0
2,10,1.0,DVS,56.34959,0.999742,48.815633,7.533957,0.0,0.0,78,2,0,0
2,10,1.0,Baseline,56.795506,0.974981,49.261575,7.533931,0.0,0.0,80,0,0,0
2,10,1.1,CO-DMO-CT,29.522959,0.999413,9.693489,1.804544,18.024926,0.5625,28,26,16,10
2,10,1.1,CO-DMO,29.612951,0.893002,8.890576,2.478419,18.243955,0.6125,25,21,24,10
2,10,1.1,Offloading,35.864238,0.105052,6.20009,7.533978,22.130169,0.7375,80,0,0,0
2,10,1.1,DVS,59.2955,1.024981,51.761522,7.533978,0.0,0.0,80,0,0,0
2,10,1.1,Baseline,59.2955,1.024981,51.761522,7.533978,0.0,0.0,80,0,0,0
2,20,0.1,CO-DMO-CT,3.066839,0.325234,0.678682,1.383333,1.004825,0.5875,11,16,19,34
2,20,0.1,CO-DMO,3.278812,0.256882,0.67062,1.495672,1.11252,0.5875,20,12,25,23
2,20,0.1,Offloading,10.711146,0.017823,1.882215,7.533119,1.295811,0.6875,80,0,0,0
2,20,0.1,DVS,9.559578,0.799169,2.025813,7.533765,0.0,0.0,4,6,20,50
2,20,0.1,Baseline,14.720604,0.125,7.187485,7.533119,0.0,0.0,80,0,0,0
2,20,0.2,CO-DMO-CT,4.162778,0.563585,1.109027,1.532985,1.520766,0.55,9,17,19,35
2,20,0.2,CO-DMO,4.024426,0.587976,1.121589,1.387327,1.51551,0.55,7,14,22,37
2,20,0.2,Offloading,12.018023,0.028516,2.41154,7.533191,2.073292,0.6875,80,0,0,0
2,20,0.2,DVS,11.674501,0.998208,4.140573,7.533928,0.0,0.0,3,19,29,29
2,20,0.2,Baseline,18.433144,0.199999,10.899953,7.533191,0.0,0.0,80,0,0,0
2,20,0.3,CO-DMO-CT,5.471259,0.757098,1.621526,1.351045,2.498688,0.5625,7,12,29,32
2,20,0.3,CO-DMO,5.502423,0.73518,1.865495,1.149841,2.487088,0.5625,13,15,21,31
2,20,0.3,Offloading,13.760521,0.042774,3.117303,7.533286,3.109931,0.6875,80,0,0,0
2,20,0.3,DVS,15.932699,0.999227,8.398733,7.533965,0.0,0.0,9,34,26,11
2,20,0.3,Baseline,23.383182,0.299998,15.849895,7.533286,0.0,0.0,80,0,0,0
2,20,0.4,CO-DMO-CT,7.306612,0.518475,1.168336,2.058418,4.079858,0.6875,12,20,17,31
2,20,0.4,CO-DMO,7.161394,0.942982,1.921457,1.775004,3.464933,0.5625,8,14,24,34
2,20,0.4,Offloading,15.503004,0.057032,3.823059,7.533382,4.146563,0.6875,80,0,0,0
2,20,0.4,DVS,20.824403,0.997416,13.29041,7.533993,0.0,0.0,21,32,25,2
2,20,0.4,Baseline,28.333184,0.399996,20.799802,7.533382,0.0,0.0,80,0,0,0
2,20,0.5,CO-DMO-CT,8.137823,0.847991,1.679372,1.725252,4.733199,0.65,8,13,26,33
2,20,0.5,CO-DMO,8.496735,0.829198,2.114355,1.933515,4.448866,0.625,8,15,24,33
2,20,0.5,Offloading,17.245494,0.071289,4.528818,7.533477,5.183198,0.6875,80,0,0,0
2,20,0.5,DVS,26.609947,0.99454,19.075996,7.533952,0.0,0.0,36,26,17,1
2,20,0.5,Baseline,33.283201,0.499994,25.749724,7.533477,0.0,0.0,80,0,0,0
2,20,0.6,CO-DMO-CT,10.045057,0.924102,2.406869,1.990518,5.64767,0.6375,14,15,25,26
2,20,0.6,CO-DMO,10.209209,0.937411,1.954088,2.381113,5.874008,0.6625,14,12,30,24
2,20,0.6,Offloading,18.987977,0.085547,5.234583,7.533573,6.219822,0.6875,80,0,0,0
2,20,0.6,DVS,32.654084,0.998273,25.120164,7.533921,0.0,0.0,41,25,11,3
2,20,0.6,Baseline,38.23319,0.599992,30.699618,7.533573,0.0,0.0,80,0,0,0
2,20,0.7,CO-DMO-CT,12.562162,0.998798,3.615957,2.448902,6.497304,0.6375,11,19,24,26
2,20,0.7,CO-DMO,11.256387,0.770569,1.793396,2.181755,7.281237,0.7,11,17,25,27
2,20,0.7,Offloading,20.730437,0.099804,5.940318,7.533668,7.256451,0.6875,80,0,0,0
2,20,0.7,DVS,38.598044,0.998757,31.064122,7.533921,0.0,0.0,53,21,5,1
2,20,0.7,Baseline,43.183139,0.699989,35.649471,7.533668,0.0,0.0,80,0,0,0
2,20,0.8,CO-DMO-CT,14.275112,0.961392,3.69966,2.979441,7.596011,0.6625,14,24,21,21
2,20,0.8,CO-DMO,12.794716,0.870748,2.84885,2.328068,7.617798,0.675,13,12,31,24
2,20,0.8,Offloading,22.472846,0.114061,6.646036,7.533764,8.293046,0.6875,80,0,0,0
2,20,0.8,DVS,44.964557,0.998647,37.43061,7.533948,0.0,0.0,62,16,2,0
2,20,0.8,Baseline,48.132995,0.799984,40.599231,7.533764,0.0,0.0,80,0,0,0
2,20,0.9,CO-DMO-CT,16.57729,0.771779,4.762975,2.88521,8.929105,0.6625,19,21,31,9
2,20,0.9,CO-DMO,14.861603,0.912856,3.354195,2.497444,9.009963,0.675,11,23,30,16
2,20,0.9,Offloading,24.215314,0.128319,7.351783,7.533859,9.329672,0.6875,80,0,0,0
2,20,0.9,DVS,51.329986,0.999733,43.796046,7.53394,0.0,0.0,70,8,2,0
2,20,0.9,Baseline,53.082968,0.899982,45.549109,7.533859,0.0,0.0,80,0,0,0
2,20,1.0,CO-DMO-CT,16.011741,0.840036,3.798927,2.34257,9.870245,0.7,19,24,25,12
2,20,1.0,CO-DMO,17.468592,0.996962,5.472351,2.825827,9.170414,0.6375,22,23,22,13
2,20,1.0,Offloading,25.522212,0.139013,7.881121,7.533931,10.10716,0.6875,80,0,0,0
2,20,1.0,DVS,56.34959,0.999742,48.815633,7.533957,0.0,0.0,78,2,0,0
2,20,1.0,Baseline,56.795506,0.974981,49.261575,7.533931,0.0,0.0,80,0,0,0
2,20,1.1,CO-DMO-CT,23.15749,0.997677,11.12366,3.196178,8.837652,0.55,30,20,18,12
2,20,1.1,CO-DMO,18.099336,0.998298,5.665566,3.071529,9.362241,0.65,18,20,23,19
2,20,1.1,Offloading,26.393434,0.146141,8.233969,7.533978,10.625486,0.6875,80,0,0,0
2,20,1.1,DVS,59.2955,1.024981,51.761522,7.533978,0.0,0.0,80,0,0,0
2,20,1.1,Baseline,59.2955,1.024981,51.761522,7.533978,0.0,0.0,80,0,0,0
2,30,0.1,CO-DMO-CT,2.614866,0.28939,0.578966,1.302321,0.733579,0.5875,5,12,25,38
2,30,0.1,CO-DMO,2.643951,0.157472,0.396496,1.407214,0.840241,0.675,13,15,26,26
2,30,0.1,Offloading,10.404488,0.020291,2.004387,7.533119,0.866982,0.6875,80,0,0,0
2,30,0.1,DVS,9.559578,0.799169,2.025813,7.533765,0.0,0.0,4,6,20,50
2,30,0.1,Baseline,14.720604,0.125,7.187485,7.533119,0.0,0.0,80,0,0,0
2,30,0.2,CO-DMO-CT,3.206654,0.270372,0.593244,1.266142,1.347267,0.6875,7,16,25,32
2,30,0.2,CO-DMO,3.678718,0.362075,0.922829,1.556195,1.199695,0.6125,10,12,24,34
2,30,0.2,Offloading,11.527373,0.032465,2.607015,7.533191,1.387167,0.6875,80,0,0,0
2,30,0.2,DVS,11.674501,0.998208,4.140573,7.533928,0.0,0.0,3,19,29,29
2,30,0.2,Baseline,18.433144,0.199999,10.899953,7.533191,0.0,0.0,80,0,0,0
2,30,0.3,CO-DMO-CT,5.075581,0.393897,0.81416,2.233707,2.027714,0.7,6,11,26,37
2,30,0.3,CO-DMO,4.414105,0.42055,0.857104,1.634469,1.922533,0.675,7,16,21,36
2,30,0.3,Offloading,13.024546,0.048697,3.410514,7.533286,2.080746,0.6875,80,0,0,0
2,30,0.3,DVS,15.932699,0.999227,8.398733,7.533965,0.0,0.0,9,34,26,11
2,30,0.3,Baseline,23.383182,0.299998,15.849895,7.533286,0.0,0.0,80,0,0,0
2,30,0.4,CO-DMO-CT,5.200796,0.597866,1.354916,1.283425,2.562455,0.6625,3,17,23,37
2,30,0.4,CO-DMO,5.599695,0.759089,1.235512,1.805286,2.558897,0.65,10,17,24,29
2,30,0.4,Offloading,14.521709,0.064929,4.214006,7.533382,2.774321,0.6875,80,0,0,0
2,30,0.4,DVS,20.824403,0.997416,13.29041,7.533993,0.0,0.0,21,32,25,2
2,30,0.4,Baseline,28.333184,0.399996,20.799802,7.533382,0.0,0.0,80,0,0,0
2,30,0.5,CO-DMO-CT,6.354144,0.811526,1.515793,1.546413,3.291939,0.65,10,13,23,34
2,30,0.5,CO-DMO,6.763324,0.771958,1.512969,1.96272,3.287635,0.6625,11,20,21,28
2,30,0.5,Offloading,16.01888,0.081162,5.017507,7.533477,3.467896,0.6875,80,0,0,0
2,30,0.5,DVS,26.609947,0.99454,19.075996,7.533952,0.0,0.0,36,26,17,1
2,30,0.5,Baseline,33.283201,0.499994,25.749724,7.533477,0.0,0.0,80,0,0,0
2,30,0.6,CO-DMO-CT,8.449773,0.607305,1.862332,2.433256,4.154185,0.7,14,18,29,19
2,30,0.6,CO-DMO,7.038306,0.540715,1.094065,1.631462,4.31278,0.725,12,12,28,28
2,30,0.6,Offloading,17.516031,0.097394,5.820991,7.533573,4.161467,0.6875,80,0,0,0
2,30,0.6,DVS,32.654084,0.998273,25.120164,7.533921,0.0,0.0,41,25,11,3
2,30,0.6,Baseline,38.23319,0.599992,30.699618,7.533573,0.0,0.0,80,0,0,0
2,30,0.7,CO-DMO-CT,9.452719,0.74041,2.266436,2.431074,4.75521,0.7,9,14,31,26
2,30,0.7,CO-DMO,9.033948,0.512802,1.940766,2.14448,4.948702,0.7125,14,26,24,16
2,30,0.7,Offloading,19.013179,0.113626,6.624474,7.533668,4.855037,0.6875,80,0,0,0
2,30,0.7,DVS,38.598044,0.998757,31.064122,7.533921,0.0,0.0,53,21,5,1
2,30,0.7,Baseline,43.183139,0.699989,35.649471,7.533668,0.0,0.0,80,0,0,0
2,30,0.8,CO-DMO-CT,11.243783,0.932444,3.293331,2.610044,5.340408,0.6625,14,22,21,23
2,30,0.8,CO-DMO,9.881754,0.852025,2.75459,1.729266,5.397897,0.6875,13,14,29,24
2,30,0.8,Offloading,20.51028,0.129857,7.427929,7.533764,5.548587,0.6875,80,0,0,0
2,30,0.8,DVS,44.964557,0.998647,37.43061,7.533948,0.0,0.0,62,16,2,0
2,30,0.8,Baseline,48.132995,0.799984,40.599231,7.533764,0.0,0.0,80,0,0,0
2,30,0.9,CO-DMO-CT,14.268122,0.856785,5.985583,2.551666,5.730873,0.6125,18,22,25,15
2,30,0.9,CO-DMO,12.128474,0.65998,3.374141,2.581646,6.172687,0.675,20,21,23,16
2,30,0.9,Offloading,22.007407,0.146089,8.231388,7.533859,6.24216,0.6875,80,0,0,0
2,30,0.9,DVS,51.329986,0.999733,43.796046,7.53394,0.0,0.0,70,8,2,0
2,30,0.9,Baseline,53.082968,0.899982,45.549109,7.533859,0.0,0.0,80,0,0,0
2,30,1.0,CO-DMO-CT,14.016439,0.993785,5.476661,2.449362,6.090416,0.6625,15,27,21,17
2,30,1.0,CO-DMO,12.502948,0.84073,3.243617,2.49231,6.767022,0.7,23,22,19,16
2,30,1.0,Offloading,23.130337,0.158264,8.83406,7.533931,6.762346,0.6875,80,0,0,0
2,30,1.0,DVS,56.34959,0.999742,48.815633,7.533957,0.0,0.0,78,2,0,0
2,30,1.0,Baseline,56.795506,0.974981,49.261575,7.533931,0.0,0.0,80,0,0,0
2,30,1.1,CO-DMO-CT,18.855984,0.994836,10.206189,2.661319,5.988476,0.5625,27,24,14,15
2,30,1.1,CO-DMO,13.689938,0.61453,4.032437,2.615625,7.041877,0.7,26,16,26,12
2,30,1.1,Offloading,23.878878,0.166379,9.235758,7.533978,7.109142,0.6875,80,0,0,0
2,30,1.1,DVS,59.2955,1.024981,51.761522,7.533978,0.0,0.0,80,0,0,0
2,30,1.1,Baseline,59.2955,1.024981,51.761522,7.533978,0.0,0.0,80,0,0,0
2,40,0.1,CO-DMO-CT,2.501923,0.264174,0.548591,1.391047,0.562285,0.625,10,14,26,30
2,40,0.1,CO-DMO,2.561779,0.266226,0.582124,1.40739,0.572265,0.6,13,13,22,32
2,40,0.1,Offloading,10.226578,0.021512,2.064846,7.533119,0.628613,0.675,80,0,0,0
2,40,0.1,DVS,9.559578,0.799169,2.025813,7.533765,0.0,0.0,4,6,20,50
2,40,0.1,Baseline,14.720604,0.125,7.187485,7.533119,0.0,0.0,80,0,0,0
2,40,0.2,CO-DMO-CT,3.706625,0.30876,0.636473,2.065943,1.004209,0.6875,7,15,28,30
2,40,0.2,CO-DMO,2.971623,0.244101,0.449014,1.474607,1.048001,0.7125,11,15,25,29
2,40,0.2,Offloading,11.242718,0.034419,2.703748,7.533191,1.005779,0.675,80,0,0,0
2,40,0.2,DVS,11.674501,0.998208,4.140573,7.533928,0.0,0.0,3,19,29,29
2,40,0.2,Baseline,18.433144,0.199999,10.899953,7.533191,0.0,0.0,80,0,0,0
2,40,0.3,CO-DMO-CT,4.73977,0.558372,1.543099,1.877048,1.319623,0.6,5,16,25,34
2,40,0.3,CO-DMO,4.497036,0.320382,1.075784,1.885148,1.536104,0.6875,7,23,16,34
2,40,0.3,Offloading,12.597569,0.051629,3.555619,7.533286,1.508664,0.675,80,0,0,0
2,40,0.3,DVS,15.932699,0.999227,8.398733,7.533965,0.0,0.0,9,34,26,11
2,40,0.3,Baseline,23.383182,0.299998,15.849895,7.533286,0.0,0.0,80,0,0,0
2,40,0.4,CO-DMO-CT,5.372187,0.648442,1.474212,1.929874,1.9681,0.65,11,13,27,29
2,40,0.4,CO-DMO,4.928662,0.800971,1.721262,1.363314,1.844085,0.6,9,11,27,33
2,40,0.4,Offloading,13.9524,0.068838,4.407471,7.533382,2.011547,0.675,80,0,0,0
2,40,0.4,DVS,20.824403,0.997416,13.29041,7.533993,0.0,0.0,21,32,25,2
2,40,0.4,Baseline,28.333184,0.399996,20.799802,7.533382,0.0,0.0,80,0,0,0
2,40,0.5,CO-DMO-CT,5.537392,0.40884,0.884226,1.900974,2.752193,0.7375,12,16,18,34
2,40,0.5,CO-DMO,6.067184,0.594472,1.279644,2.213788,2.573751,0.725,14,20,21,25
2,40,0.5,Offloading,15.307249,0.086047,5.259341,7.533477,2.514431,0.675,80,0,0,0
2,40,0.5,DVS,26.609947,0.99454,19.075996,7.533952,0.0,0.0,36,26,17,1
2,40,0.5,Baseline,33.283201,0.499994,25.749724,7.533477,0.0,0.0,80,0,0,0
2,40,0.6,CO-DMO-CT,6.985858,0.569352,1.60608,2.216731,3.163046,0.7,12,15,34,19
2,40,0.6,CO-DMO,7.280524,0.67569,1.717181,2.459138,3.104205,0.7,12,10,30,28
2,40,0.6,Offloading,16.66209,0.103257,6.111209,7.533573,3.017309,0.675,80,0,0,0
2,40,0.6,DVS,32.654084,0.998273,25.120164,7.533921,0.0,0.0,41,25,11,3
2,40,0.6,Baseline,38.23319,0.599992,30.699618,7.533573,0.0,0.0,80,0,0,0
2,40,0.7,CO-DMO-CT,7.378594,0.548936,1.258076,2.268807,3.851711,0.75,9,18,27,26
2,40,0.7,CO-DMO,7.853389,0.601678,1.681066,2.467442,3.704881,0.7125,16,19,25,20
2,40,0.7,Offloading,18.01688,0.120465,6.963019,7.533668,3.520193,0.675,80,0,0,0
2,40,0.7,DVS,38.598044,0.998757,31.064122,7.533921,0.0,0.0,53,21,5,1
2,40,0.7,Baseline,43.183139,0.699989,35.649471,7.533668,0.0,0.0,80,0,0,0
2,40,0.8,CO-DMO-CT,10.041955,0.995612,3.603888,2.527346,3.91072,0.6375,11,17,32,20
2,40,0.8,CO-DMO,9.449249,0.920613,2.896834,2.675749,3.876667,0.675,10,12,31,27
2,40,0.8,Offloading,19.371669,0.137674,7.81485,7.533764,4.023056,0.675,80,0,0,0
2,40,0.8,DVS,44.964557,0.998647,37.43061,7.533948,0.0,0.0,62,16,2,0
2,40,0.8,Baseline,48.132995,0.799984,40.599231,7.533764,0.0,0.0,80,0,0,0
2,40,0.9,CO-DMO-CT,11.72727,0.923372,4.426977,3.004697,4.295597,0.65,6,33,23,18
2,40,0.9,CO-DMO,9.987516,0.61008,2.83655,2.421897,4.729068,0.7,23,14,24,19
2,40,0.9,Offloading,20.726502,0.154883,8.666709,7.533859,4.525934,0.675,80,0,0,0
2,40,0.9,DVS,51.329986,0.999733,43.796046,7.53394,0.0,0.0,70,8,2,0
2,40,0.9,Baseline,53.082968,0.899982,45.549109,7.533859,0.0,0.0,80,0,0,0
2,40,1.0,CO-DMO-CT,11.853784,0.859507,4.094286,2.868841,4.890657,0.7,22,19,24,15
2,40,1.0,CO-DMO,10.112664,0.646516,3.065941,1.927971,5.118752,0.7125,16,23,22,19
2,40,1.0,Offloading,21.742665,0.167791,9.305633,7.533931,4.903102,0.675,80,0,0,0
2,40,1.0,DVS,56.34959,0.999742,48.815633,7.533957,0.0,0.0,78,2,0,0
2,40,1.0,Baseline,56.795506,0.974981,49.261575,7.533931,0.0,0.0,80,0,0,0
2,40,1.1,CO-DMO-CT,17.532932,1.002131,10.616837,2.367559,4.548536,0.575,29,13,23,15
2,40,1.1,CO-DMO,12.970443,0.680457,5.401683,2.476795,5.091965,0.675,19,23,18,20
2,40,1.1,Offloading,22.420072,0.176395,9.731547,7.533978,5.154547,0.675,80,0,0,0
2,40,1.1,DVS,59.2955,1.024981,51.761522,7.533978,0.0,0.0,80,0,0,0
2,40,1.1,Baseline,59.2955,1.024981,51.761522,7.533978,0.0,0.0,80,0,0,0
2,50,0.1,CO-DMO-CT,2.501949,0.333273,0.642173,1.431882,0.427894,0.5875,15,9,20,36
2,50,0.1,CO-DMO,2.061156,0.249653,0.56898,1.026194,0.465982,0.625,16,12,26,26
2,50,0.1,Offloading,9.801845,0.014768,1.731023,7.533119,0.537702,0.725,80,0,0,0
2,50,0.1,DVS,9.559578,0.799169,2.025813,7.533765,0.0,0.0,4,6,20,50
2,50,0.1,Baseline,14.720604,0.125,7.187485,7.533119,0.0,0.0,80,0,0,0
2,50,0.2,CO-DMO-CT,2.996966,0.269227,0.579981,1.605071,0.811915,0.675,7,19,19,35
2,50,0.2,CO-DMO,3.442733,0.385665,0.763659,1.920111,0.758963,0.625,6,24,21,29
2,50,0.2,Offloading,10.563145,0.023629,2.169633,7.533191,0.860321,0.725,80,0,0,0
2,50,0.2,DVS,11.674501,0.998208,4.140573,7.533928,0.0,0.0,3,19,29,29
2,50,0.2,Baseline,18.433144,0.199999,10.899953,7.533191,0.0,0.0,80,0,0,0
2,50,0.3,CO-DMO-CT,3.907109,0.525184,1.152379,1.594906,1.159824,0.65,9,20,13,38
2,50,0.3,CO-DMO,4.27307,0.608045,1.187916,1.96642,1.118734,0.625,9,18,18,35
2,50,0.3,Offloading,11.578208,0.035443,2.754443,7.533286,1.290479,0.725,80,0,0,0
2,50,0.3,DVS,15.932699,0.999227,8.398733,7.533965,0.0,0.0,9,34,26,11
2,50,0.3,Baseline,23.383182,0.299998,15.849895,7.533286,0.0,0.0,80,0,0,0
2,50,0.4,CO-DMO-CT,4.446088,0.317667,0.842672,1.862962,1.740455,0.7375,11,19,26,24
2,50,0.4,CO-DMO,4.825907,0.609465,1.699544,1.564365,1.561999,0.65,17,16,20,27
2,50,0.4,Offloading,12.59326,0.047257,3.339244,7.533382,1.720634,0.725,80,0,0,0
2,50,0.4,DVS,20.824403,0.997416,13.29041,7.533993,0.0,0.0,21,32,25,2
2,50,0.4,Baseline,28.333184,0.399996,20.799802,7.533382,0.0,0.0,80,0,0,0
2,50,0.5,CO-DMO-CT,5.419762,0.634558,1.275572,2.071294,2.072896,0.6875,10,15,22,33
2,50,0.5,CO-DMO,5.499615,0.767555,1.532858,2.08484,1.881917,0.65,10,19,20,31
2,50,0.5,Offloading,13.608322,0.059072,3.924055,7.533477,2.15079,0.725,80,0,0,0
2,50,0.5,DVS,26.609947,0.99454,19.075996,7.533952,0.0,0.0,36,26,17,1
2,50,0.5,Baseline,33.283201,0.499994,25.749724,7.533477,0.0,0.0,80,0,0,0
2,50,0.6,CO-DMO-CT,6.956679,0.756943,2.469615,2.142627,2.344437,0.675,13,16,28,23
2,50,0.6,CO-DMO,6.890302,0.378386,1.821127,2.492853,2.576321,0.7125,16,14,24,26
2,50,0.6,Offloading,14.623375,0.070886,4.50886,7.533573,2.580942,0.725,80,0,0,0
2,50,0.6,DVS,32.654084,0.998273,25.120164,7.533921,0.0,0.0,41,25,11,3
2,50,0.6,Baseline,38.23319,0.599992,30.699618,7.533573,0.0,0.0,80,0,0,0
2,50,0.7,CO-DMO-CT,7.286116,0.770846,2.06774,2.318622,2.899755,0.6875,8,20,29,23
2,50,0.7,CO-DMO,7.344484,0.879151,2.0426,2.40254,2.899344,0.6875,19,19,17,25
2,50,0.7,Offloading,15.638402,0.0827,5.093638,7.533668,3.011096,0.725,80,0,0,0
2,50,0.7,DVS,38.598044,0.998757,31.064122,7.533921,0.0,0.0,53,21,5,1
2,50,0.7,Baseline,43.183139,0.699989,35.649471,7.533668,0.0,0.0,80,0,0,0
2,50,0.8,CO-DMO-CT,8.02159,0.843874,2.072737,2.585707,3.363146,0.6875,14,17,25,24
2,50,0.8,CO-DMO,8.835949,0.937488,3.963696,1.82446,3.047792,0.6375,22,19,23,16
2,50,0.8,Offloading,16.653416,0.094513,5.678417,7.533764,3.441236,0.725,80,0,0,0
2,50,0.8,DVS,44.964557,0.998647,37.43061,7.533948,0.0,0.0,62,16,2,0
2,50,0.8,Baseline,48.132995,0.799984,40.599231,7.533764,0.0,0.0,80,0,0,0
2,50,0.9,CO-DMO-CT,10.703024,0.727635,4.015564,2.981846,3.705615,0.6875,20,24,18,18
2,50,0.9,CO-DMO,8.728864,0.783383,2.703191,2.262354,3.763319,0.7,16,22,21,21
2,50,0.9,Offloading,17.668427,0.106327,6.263177,7.533859,3.871391,0.725,80,0,0,0
2,50,0.9,DVS,51.329986,0.999733,43.796046,7.53394,0.0,0.0,70,8,2,0
2,50,0.9,Baseline,53.082968,0.899982,45.549109,7.533859,0.0,0.0,80,0,0,0
2,50,1.0,CO-DMO-CT,9.788072,0.952272,3.404144,2.433926,3.950001,0.6875,14,24,26,16
2,50,1.0,CO-DMO,10.060441,0.927752,4.124034,2.106799,3.829608,0.675,13,20,24,23
2,50,1.0,Offloading,18.429779,0.115189,6.701839,7.533931,4.19401,0.725,80,0,0,0
2,50,1.0,DVS,56.34959,0.999742,48.815633,7.533957,0.0,0.0,78,2,0,0
2,50,1.0,Baseline,56.795506,0.974981,49.261575,7.533931,0.0,0.0,80,0,0,0
2,50,1.1,CO-DMO-CT,16.870741,0.840276,10.344628,2.856276,3.669837,0.575,23,23,15,19
2,50,1.1,CO-DMO,13.730703,0.987387,7.365322,2.584656,3.780726,0.625,24,22,23,11
2,50,1.1,Offloading,18.937272,0.121095,6.994202,7.533978,4.409091,0.725,80,0,0,0
2,50,1.1,DVS,59.2955,1.024981,51.761522,7.533978,0.0,0.0,80,0,0,0
2,50,1.1,Baseline,59.2955,1.024981,51.761522,7.533978,0.0,0.0,80,0,0,0
2,60,0.1,CO-DMO-CT,2.788778,0.170334,0.404708,1.965476,0.418594,0.675,9,14,24,33
2,60,0.1,CO-DMO,2.164004,0.276931,0.593396,1.204625,0.365983,0.6,13,14,25,28
2,60,0.1,Offloading,9.71191,0.014674,1.726387,7.533119,0.452404,0.725,80,0,0,0
2,60,0.1,DVS,9.559578,0.799169,2.025813,7.533765,0.0,0.0,4,6,20,50
2,60,0.1,Baseline,14.720604,0.125,7.187485,7.533119,0.0,0.0,80,0,0,0
2,60,0.2,CO-DMO-CT,3.059722,0.345722,0.703086,1.702337,0.654299,0.65,12,11,25,32
2,60,0.2,CO-DMO,3.246342,0.364429,0.864412,1.749096,0.632833,0.625,17,16,22,25
2,60,0.2,Offloading,10.41925,0.023479,2.162215,7.533191,0.723844,0.725,80,0,0,0
2,60,0.2,DVS,11.674501,0.998208,4.140573,7.533928,0.0,0.0,3,19,29,29
2,60,0.2,Baseline,18.433144,0.199999,10.899953,7.533191,0.0,0.0,80,0,0,0
2,60,0.3,CO-DMO-CT,3.586177,0.33004,0.812874,1.713137,1.060166,0.725,14,15,26,25
2,60,0.3,CO-DMO,3.766984,0.469576,0.994146,1.787836,0.985002,0.6625,11,11,27,31
2,60,0.3,Offloading,11.362367,0.035219,2.743317,7.533286,1.085763,0.725,80,0,0,0
2,60,0.3,DVS,15.932699,0.999227,8.398733,7.533965,0.0,0.0,9,34,26,11
2,60,0.3,Baseline,23.383182,0.299998,15.849895,7.533286,0.0,0.0,80,0,0,0
2,60,0.4,CO-DMO-CT,3.525536,0.283212,0.658364,1.377703,1.489469,0.7625,17,17,20,26
2,60,0.4,CO-DMO,4.062193,0.450252,1.078639,1.598459,1.385095,0.6875,6,14,27,33
2,60,0.4,Offloading,12.305473,0.046958,3.32441,7.533382,1.447681,0.725,80,0,0,0
2,60,0.4,DVS,20.824403,0.997416,13.29041,7.533993,0.0,0.0,21,32,25,2
2,60,0.4,Baseline,28.333184,0.399996,20.799802,7.533382,0.0,0.0,80,0,0,0
2,60,0.5,CO-DMO-CT,5.140488,0.648964,1.376802,2.061189,1.702497,0.6875,11,12,26,31
2,60,0.5,CO-DMO,5.002321,0.501634,1.125229,2.139821,1.737271,0.7125,10,18,23,29
2,60,0.5,Offloading,13.248593,0.058697,3.905518,7.533477,1.809598,0.725,80,0,0,0
2,60,0.5,DVS,26.609947,0.99454,19.075996,7.533952,0.0,0.0,36,26,17,1
2,60,0.5,Baseline,33.283201,0.499994,25.749724,7.533477,0.0,0.0,80,0,0,0
2,60,0.6,CO-DMO-CT,5.442916,0.540625,1.047036,2.20466,2.191221,0.7375,11,8,32,29
2,60,0.6,CO-DMO,5.498941,0.598406,1.533045,1.858754,2.107142,0.7125,15,11,28,26
2,60,0.6,Offloading,14.191697,0.070437,4.486611,7.533573,2.171513,0.725,80,0,0,0
2,60,0.6,DVS,32.654084,0.998273,25.120164,7.533921,0.0,0.0,41,25,11,3
2,60,0.6,Baseline,38.23319,0.599992,30.699618,7.533573,0.0,0.0,80,0,0,0
2,60,0.7,CO-DMO-CT,7.371888,0.8256,2.661814,2.42857,2.281505,0.6625,18,19,23,20
2,60,0.7,CO-DMO,5.686142,0.61962,1.282778,1.875106,2.528258,0.725,13,21,21,25
2,60,0.7,Offloading,15.134769,0.082175,5.067671,7.533668,2.53343,0.725,80,0,0,0
2,60,0.7,DVS,38.598044,0.998757,31.064122,7.533921,0.0,0.0,53,21,5,1
2,60,0.7,Baseline,43.183139,0.699989,35.649471,7.533668,0.0,0.0,80,0,0,0
2,60,0.8,CO-DMO-CT,7.867546,0.765056,2.936058,2.187141,2.744347,0.6875,7,17,25,31
2,60,0.8,CO-DMO,7.976564,0.957593,2.921706,2.478804,2.576053,0.675,13,21,24,22
2,60,0.8,Offloading,16.077846,0.093914,5.648748,7.533764,2.895334,0.725,80,0,0,0
2,60,0.8,DVS,44.964557,0.998647,37.43061,7.533948,0.0,0.0,62,16,2,0
2,60,0.8,Baseline,48.132995,0.799984,40.599231,7.533764,0.0,0.0,80,0,0,0
2,60,0.9,CO-DMO-CT,9.775435,0.574937,3.818832,2.805236,3.151367,0.7125,18,20,27,15
2,60,0.9,CO-DMO,9.57059,0.870011,3.985747,2.582428,3.002415,0.6625,21,17,23,19
2,60,0.9,Offloading,17.02094,0.105653,6.229832,7.533859,3.257248,0.725,80,0,0,0
2,60,0.9,DVS,51.329986,0.999733,43.796046,7.53394,0.0,0.0,70,8,2,0
2,60,0.9,Baseline,53.082968,0.899982,45.549109,7.533859,0.0,0.0,80,0,0,0
2,60,1.0,CO-DMO-CT,9.684389,0.889875,3.905106,2.528511,3.250772,0.6875,19,20,25,16
2,60,1.0,CO-DMO,10.253584,0.818565,4.326849,2.625994,3.300741,0.7,22,16,26,16
2,60,1.0,Offloading,17.728301,0.114458,6.66568,7.533931,3.52869,0.725,80,0,0,0
2,60,1.0,DVS,56.34959,0.999742,48.815633,7.533957,0.0,0.0,78,2,0,0
2,60,1.0,Baseline,56.795506,0.974981,49.261575,7.533931,0.0,0.0,80,0,0,0
2,60,1.1,CO-DMO-CT,15.21835,0.95718,9.747396,2.413753,3.0572,0.5875,30,15,20,15
2,60,1.1,CO-DMO,12.594358,0.910129,7.071597,2.398278,3.124483,0.6375,24,20,25,11
2,60,1.1,Offloading,18.199842,0.120328,6.956213,7.533978,3.709651,0.725,80,0,0,0
2,60,1.1,DVS,59.2955,1.024981,51.761522,7.533978,0.0,0.0,80,0,0,0
2,60,1.1,Baseline,59.2955,1.024981,51.761522,7.533978,0.0,0.0,80,0,0,0
2,70,0.1,CO-DMO-CT,2.90444,0.188388,0.621614,1.949324,0.333501,0.6125,13,12,28,27
2,70,0.1,CO-DMO,2.405831,0.264845,0.589185,1.4959,0.320745,0.6125,13,17,21,29
2,70,0.1,Offloading,9.59182,0.013557,1.671055,7.533119,0.387646,0.725,80,0,0,0
2,70,0.1,DVS,9.559578,0.799169,2.025813,7.533765,0.0,0.0,4,6,20,50
2,70,0.1,Baseline,14.720604,0.125,7.187485,7.533119,0.0,0.0,80,0,0,0
2,70,0.2,CO-DMO-CT,3.017227,0.434656,1.047404,1.47504,0.494782,0.575,17,14,18,31
2,70,0.2,CO-DMO,2.522595,0.393098,0.702102,1.273958,0.546536,0.6375,8,13,20,39
2,70,0.2,Offloading,10.227106,0.021691,2.073683,7.533191,0.620232,0.725,80,0,0,0
2,70,0.2,DVS,11.674501,0.998208,4.140573,7.533928,0.0,0.0,3,19,29,29
2,70,0.2,Baseline,18.433144,0.199999,10.899953,7.533191,0.0,0.0,80,0,0,0
2,70,0.3,CO-DMO-CT,3.281964,0.481228,0.996788,1.464099,0.821077,0.6625,13,9,26,32
2,70,0.3,CO-DMO,3.691293,0.525476,0.993522,1.884441,0.81333,0.65,12,17,20,31
2,70,0.3,Offloading,11.074151,0.032536,2.61052,7.533286,0.930345,0.725,80,0,0,0
2,70,0.3,DVS,15.932699,0.999227,8.398733,7.533965,0.0,0.0,9,34,26,11
2,70,0.3,Baseline,23.383182,0.299998,15.849895,7.533286,0.0,0.0,80,0,0,0
2,70,0.4,CO-DMO-CT,3.662823,0.39362,0.846908,1.588765,1.22715,0.725,8,13,27,32
2,70,0.4,CO-DMO,4.450801,0.617002,1.396993,1.926311,1.127496,0.6625,10,16,24,30
2,70,0.4,Offloading,11.921186,0.043381,3.147347,7.533382,1.240457,0.725,80,0,0,0
2,70,0.4,DVS,20.824403,0.997416,13.29041,7.533993,0.0,0.0,21,32,25,2
2,70,0.4,Baseline,28.333184,0.399996,20.799802,7.533382,0.0,0.0,80,0,0,0
2,70,0.5,CO-DMO-CT,5.138539,0.715573,1.702942,2.039363,1.396234,0.6375,11,12,25,32
2,70,0.5,CO-DMO,5.215656,0.77671,1.683405,2.132325,1.399927,0.65,11,21,20,28
2,70,0.5,Offloading,12.768232,0.054226,3.684186,7.533477,1.550569,0.725,80,0,0,0
2,70,0.5,DVS,26.609947,0.99454,19.075996,7.533952,0.0,0.0,36,26,17,1
2,70,0.5,Baseline,33.283201,0.499994,25.749724,7.533477,0.0,0.0,80,0,0,0
2,70,0.6,CO-DMO-CT,5.77345,0.626996,1.264661,2.668658,1.840132,0.725,12,16,21,31
2,70,0.6,CO-DMO,4.481789,0.384732,1.063391,1.512284,1.906113,0.7375,15,15,30,20
2,70,0.6,Offloading,13.615271,0.065071,4.22102,7.533573,1.860679,0.725,80,0,0,0
2,70,0.6,DVS,32.654084,0.998273,25.120164,7.533921,0.0,0.0,41,25,11,3
2,70,0.6,Baseline,38.23319,0.599992,30.699618,7.533573,0.0,0.0,80,0,0,0
2,70,0.7,CO-DMO-CT,4.963066,0.509205,1.01648,1.714033,2.232553,0.7625,8,13,35,24
2,70,0.7,CO-DMO,5.976008,0.68444,1.435963,2.379746,2.160299,0.725,10,15,26,29
2,70,0.7,Offloading,14.462295,0.075916,4.757839,7.533668,2.170788,0.725,80,0,0,0
2,70,0.7,DVS,38.598044,0.998757,31.064122,7.533921,0.0,0.0,53,21,5,1
2,70,0.7,Baseline,43.183139,0.699989,35.649471,7.533668,0.0,0.0,80,0,0,0
2,70,0.8,CO-DMO-CT,7.634727,0.699986,2.690253,2.52307,2.421404,0.7,12,20,23,25
2,70,0.8,CO-DMO,8.00981,0.999593,3.532847,2.356837,2.120126,0.65,17,16,28,19
2,70,0.8,Offloading,15.309284,0.08676,5.294631,7.533764,2.48089,0.725,80,0,0,0
2,70,0.8,DVS,44.964557,0.998647,37.43061,7.533948,0.0,0.0,62,16,2,0
2,70,0.8,Baseline,48.132995,0.799984,40.599231,7.533764,0.0,0.0,80,0,0,0
2,70,0.9,CO-DMO-CT,9.779336,0.842744,4.433944,2.901108,2.444285,0.675,18,23,23,16
2,70,0.9,CO-DMO,8.043696,0.774123,2.713456,2.646302,2.683938,0.7,13,21,24,22
2,70,0.9,Offloading,16.156306,0.097605,5.831447,7.533859,2.791,0.725,80,0,0,0
2,70,0.9,DVS,51.329986,0.999733,43.796046,7.53394,0.0,0.0,70,8,2,0
2,70,0.9,Baseline,53.082968,0.899982,45.549109,7.533859,0.0,0.0,80,0,0,0
2,70,1.0,CO-DMO-CT,9.764134,0.998555,4.397142,2.67676,2.690232,0.675,18,25,24,13
2,70,1.0,CO-DMO,9.019855,1.000303,3.850023,2.430953,2.738878,0.675,16,25,25,14
2,70,1.0,Offloading,16.791614,0.105739,6.234096,7.533931,3.023587,0.725,80,0,0,0
2,70,1.0,DVS,56.34959,0.999742,48.815633,7.533957,0.0,0.0,78,2,0,0
2,70,1.0,Baseline,56.795506,0.974981,49.261575,7.533931,0.0,0.0,80,0,0,0
2,70,1.1,CO-DMO-CT,15.538763,0.99009,10.238109,2.700129,2.600525,0.575,26,25,17,12
2,70,1.1,CO-DMO,12.554555,0.990632,6.949507,2.883064,2.721984,0.6375,21,23,22,14
2,70,1.1,Offloading,17.215115,0.111161,6.502492,7.533978,3.178645,0.725,80,0,0,0
2,70,1.1,DVS,59.2955,1.024981,51.761522,7.533978,0.0,0.0,80,0,0,0
2,70,1.1,Baseline,59.2955,1.024981,51.761522,7.533978,0.0,0.0,80,0,0,0
2,80,0.1,CO-DMO-CT,2.454874,0.22637,0.50792,1.650362,0.296592,0.6375,9,20,20,31
2,80,0.1,CO-DMO,2.206561,0.164855,0.365209,1.520036,0.321316,0.675,10,15,27,28
2,80,0.1,Offloading,9.357489,0.009527,1.471572,7.533119,0.352798,0.7625,80,0,0,0
2,80,0.1,DVS,9.559578,0.799169,2.025813,7.533765,0.0,0.0,4,6,20,50
2,80,0.1,Baseline,14.720604,0.125,7.187485,7.533119,0.0,0.0,80,0,0,0
2,80,0.2,CO-DMO-CT,3.195599,0.407119,0.975926,1.767281,0.452391,0.6,13,15,22,30
2,80,0.2,CO-DMO,2.32418,0.177349,0.514517,1.282428,0.527236,0.7,8,11,26,35
2,80,0.2,Offloading,9.852178,0.015243,1.754512,7.533191,0.564475,0.7625,80,0,0,0
2,80,0.2,DVS,11.674501,0.998208,4.140573,7.533928,0.0,0.0,3,19,29,29
2,80,0.2,Baseline,18.433144,0.199999,10.899953,7.533191,0.0,0.0,80,0,0,0
2,80,0.3,CO-DMO-CT,3.962435,0.423395,1.145668,2.077095,0.739672,0.6625,18,13,18,31
2,80,0.3,CO-DMO,3.921353,0.396822,1.401887,1.787539,0.731927,0.6625,11,22,16,31
2,80,0.3,Offloading,10.51176,0.022864,2.131763,7.533286,0.846711,0.7625,80,0,0,0
2,80,0.3,DVS,15.932699,0.999227,8.398733,7.533965,0.0,0.0,9,34,26,11
2,80,0.3,Baseline,23.383182,0.299998,15.849895,7.533286,0.0,0.0,80,0,0,0
2,80,0.4,CO-DMO-CT,3.778037,0.419212,0.814655,1.905921,1.057462,0.725,5,13,23,39
2,80,0.4,CO-DMO,3.773489,0.513762,0.951712,1.789299,1.032478,0.6875,11,20,18,31
2,80,0.4,Offloading,11.171333,0.030485,2.509006,7.533382,1.128945,0.7625,80,0,0,0
2,80,0.4,DVS,20.824403,0.997416,13.29041,7.533993,0.0,0.0,21,32,25,2
2,80,0.4,Baseline,28.333184,0.399996,20.799802,7.533382,0.0,0.0,80,0,0,0
2,80,0.5,CO-DMO-CT,4.29347,0.573192,1.264847,1.729613,1.29901,0.7,17,11,23,29
2,80,0.5,CO-DMO,4.969283,0.622344,1.463776,2.236549,1.268958,0.675,18,14,19,29
2,80,0.5,Offloading,11.830915,0.038106,2.886258,7.533477,1.411179,0.7625,80,0,0,0
2,80,0.5,DVS,26.609947,0.99454,19.075996,7.533952,0.0,0.0,36,26,17,1
2,80,0.5,Baseline,33.283201,0.499994,25.749724,7.533477,0.0,0.0,80,0,0,0
2,80,0.6,CO-DMO-CT,5.048276,0.66125,1.248377,2.206441,1.593458,0.7125,13,7,27,33
2,80,0.6,CO-DMO,4.935908,0.428527,1.402409,1.924718,1.608781,0.7375,12,19,24,25
2,80,0.6,Offloading,12.490496,0.045728,3.263512,7.533573,1.693411,0.7625,80,0,0,0
2,80,0.6,DVS,32.654084,0.998273,25.120164,7.533921,0.0,0.0,41,25,11,3
2,80,0.6,Baseline,38.23319,0.599992,30.699618,7.533573,0.0,0.0,80,0,0,0
2,80,0.7,CO-DMO-CT,6.024988,0.470054,1.758855,2.379563,1.88657,0.725,13,12,31,24
2,80,0.7,CO-DMO,5.667078,0.589926,1.752103,2.100389,1.814586,0.7125,12,16,28,24
2,80,0.7,Offloading,13.150047,0.053348,3.640736,7.533668,1.975644,0.7625,80,0,0,0
2,80,0.7,DVS,38.598044,0.998757,31.064122,7.533921,0.0,0.0,53,21,5,1
2,80,0.7,Baseline,43.183139,0.699989,35.649471,7.533668,0.0,0.0,80,0,0,0
2,80,0.8,CO-DMO-CT,7.546165,0.871692,3.289718,2.270514,1.985933,0.6625,11,18,30,21
2,80,0.8,CO-DMO,7.688378,0.865849,3.766628,2.0068,1.91495,0.65,11,15,30,24
2,80,0.8,Offloading,13.809576,0.060969,4.017944,7.533764,2.257869,0.7625,80,0,0,0
2,80,0.8,DVS,44.964557,0.998647,37.43061,7.533948,0.0,0.0,62,16,2,0
2,80,0.8,Baseline,48.132995,0.799984,40.599231,7.533764,0.0,0.0,80,0,0,0
2,80,0.9,CO-DMO-CT,8.563546,0.865665,3.612686,2.626031,2.324829,0.7,9,27,18,26
2,80,0.9,CO-DMO,8.409555,0.841153,3.311066,2.812751,2.285739,0.675,21,18,22,19
2,80,0.9,Offloading,14.469139,0.068589,4.395179,7.533859,2.540101,0.7625,80,0,0,0
2,80,0.9,DVS,51.329986,0.999733,43.796046,7.53394,0.0,0.0,70,8,2,0
2,80,0.9,Baseline,53.082968,0.899982,45.549109,7.533859,0.0,0.0,80,0,0,0
2,80,1.0,CO-DMO-CT,11.207482,0.956881,5.815462,3.080147,2.311873,0.6375,19,22,24,15
2,80,1.0,CO-DMO,9.080254,0.544137,3.496569,3.000313,2.583372,0.7125,21,23,19,17
2,80,1.0,Offloading,14.963849,0.074306,4.67814,7.533931,2.751779,0.7625,80,0,0,0
2,80,1.0,DVS,56.34959,0.999742,48.815633,7.533957,0.0,0.0,78,2,0,0
2,80,1.0,Baseline,56.795506,0.974981,49.261575,7.533931,0.0,0.0,80,0,0,0
2,80,1.1,CO-DMO-CT,13.150467,0.771514,8.13413,2.628428,2.387909,0.625,20,22,22,16
2,80,1.1,CO-DMO,9.272552,0.899211,3.910552,2.777369,2.584631,0.6875,20,21,24,15
2,80,1.1,Offloading,15.293628,0.078116,4.866752,7.533978,2.892898,0.7625,80,0,0,0
2,80,1.1,DVS,59.2955,1.024981,51.761522,7.533978,0.0,0.0,80,0,0,0
2,80,1.1,Baseline,59.2955,1.024981,51.761522,7.533978,0.0,0.0,80,0,0,0
2,90,0.1,CO-DMO-CT,2.429946,0.233658,0.672037,1.496788,0.261122,0.625,9,10,25,36
2,90,0.1,CO-DMO,2.26794,0.25088,0.488947,1.520108,0.258885,0.625,8,15,25,32
2,90,0.1,Offloading,9.949573,0.023014,2.139196,7.533119,0.277258,0.675,80,0,0,0
2,90,0.1,DVS,9.559578,0.799169,2.025813,7.533765,0.0,0.0,4,6,20,50
2,90,0.1,Baseline,14.720604,0.125,7.187485,7.533119,0.0,0.0,80,0,0,0
2,90,0.2,CO-DMO-CT,2.704104,0.241568,0.591426,1.651802,0.460876,0.6875,7,26,20,27
2,90,0.2,CO-DMO,3.103036,0.391709,0.890946,1.799337,0.412752,0.6125,8,14,19,39
2,90,0.2,Offloading,10.799511,0.036822,2.822709,7.533191,0.443611,0.675,80,0,0,0
2,90,0.2,DVS,11.674501,0.998208,4.140573,7.533928,0.0,0.0,3,19,29,29
2,90,0.2,Baseline,18.433144,0.199999,10.899953,7.533191,0.0,0.0,80,0,0,0
2,90,0.3,CO-DMO-CT,2.73236,0.282307,0.693611,1.325626,0.713123,0.725,9,17,22,32
2,90,0.3,CO-DMO,3.212893,0.451133,0.766648,1.765727,0.680518,0.6875,5,12,19,44
2,90,0.3,Offloading,11.932759,0.055233,3.734058,7.533286,0.665415,0.675,80,0,0,0
2,90,0.3,DVS,15.932699,0.999227,8.398733,7.533965,0.0,0.0,9,34,26,11
2,90,0.3,Baseline,23.383182,0.299998,15.849895,7.533286,0.0,0.0,80,0,0,0
2,90,0.4,CO-DMO-CT,3.731589,0.438672,1.057921,1.7435,0.930168,0.7125,11,9,26,34
2,90,0.4,CO-DMO,3.805097,0.539035,1.257893,1.644636,0.902568,0.6875,7,19,29,25
2,90,0.4,Offloading,13.06599,0.073644,4.64539,7.533382,0.887218,0.675,80,0,0,0
2,90,0.4,DVS,20.824403,0.997416,13.29041,7.533993,0.0,0.0,21,32,25,2
2,90,0.4,Baseline,28.333184,0.399996,20.799802,7.533382,0.0,0.0,80,0,0,0
2,90,0.5,CO-DMO-CT,4.055713,0.330644,0.83792,1.99827,1.219523,0.75,10,15,23,32
2,90,0.5,CO-DMO,4.447671,0.593429,1.304967,1.980859,1.161845,0.7,6,17,28,29
2,90,0.5,Offloading,14.19923,0.092055,5.556731,7.533477,1.109022,0.675,80,0,0,0
2,90,0.5,DVS,26.609947,0.99454,19.075996,7.533952,0.0,0.0,36,26,17,1
2,90,0.5,Baseline,33.283201,0.499994,25.749724,7.533477,0.0,0.0,80,0,0,0
2,90,0.6,CO-DMO-CT,5.569227,0.446108,1.590297,2.535618,1.443312,0.725,10,16,22,32
2,90,0.6,CO-DMO,5.413631,0.499983,1.772727,2.249005,1.391899,0.7,15,19,21,25
2,90,0.6,Offloading,15.33248,0.110466,6.468085,7.533573,1.330822,0.675,80,0,0,0
2,90,0.6,DVS,32.654084,0.998273,25.120164,7.533921,0.0,0.0,41,25,11,3
2,90,0.6,Baseline,38.23319,0.599992,30.699618,7.533573,0.0,0.0,80,0,0,0
2,90,0.7,CO-DMO-CT,5.767766,0.711616,1.851423,2.293038,1.623305,0.7,12,13,29,26
2,90,0.7,CO-DMO,5.004447,0.243649,1.299978,1.950081,1.754388,0.775,19,20,22,19
2,90,0.7,Offloading,16.465689,0.128877,7.379397,7.533668,1.552624,0.675,80,0,0,0
2,90,0.7,DVS,38.598044,0.998757,31.064122,7.533921,0.0,0.0,53,21,5,1
2,90,0.7,Baseline,43.183139,0.699989,35.649471,7.533668,0.0,0.0,80,0,0,0
2,90,0.8,CO-DMO-CT,6.274284,0.769884,2.439135,1.971517,1.863632,0.7,16,19,23,22
2,90,0.8,CO-DMO,7.190481,0.851381,2.907807,2.550299,1.732375,0.6625,9,22,25,24
2,90,0.8,Offloading,17.598877,0.147287,8.290694,7.533764,1.774419,0.675,80,0,0,0
2,90,0.8,DVS,44.964557,0.998647,37.43061,7.533948,0.0,0.0,62,16,2,0
2,90,0.8,Baseline,48.132995,0.799984,40.599231,7.533764,0.0,0.0,80,0,0,0
2,90,0.9,CO-DMO-CT,8.69039,0.844571,4.166677,2.516776,2.006937,0.675,26,16,22,16
2,90,0.9,CO-DMO,8.28559,0.63668,3.339477,2.870272,2.07584,0.6875,17,18,25,20
2,90,0.9,Offloading,18.732098,0.165697,9.202018,7.533859,1.996221,0.675,80,0,0,0
2,90,0.9,DVS,51.329986,0.999733,43.796046,7.53394,0.0,0.0,70,8,2,0
2,90,0.9,Baseline,53.082968,0.899982,45.549109,7.533859,0.0,0.0,80,0,0,0
2,90,1.0,CO-DMO-CT,8.804308,0.968337,3.917838,2.729604,2.156866,0.6875,16,28,22,14
2,90,1.0,CO-DMO,8.150079,0.747169,3.486679,2.395737,2.267664,0.7,5,27,28,20
2,90,1.0,Offloading,19.582056,0.179506,9.88555,7.533931,2.162575,0.675,80,0,0,0
2,90,1.0,DVS,56.34959,0.999742,48.815633,7.533957,0.0,0.0,78,2,0,0
2,90,1.0,Baseline,56.795506,0.974981,49.261575,7.533931,0.0,0.0,80,0,0,0
2,90,1.1,CO-DMO-CT,12.325178,0.97567,7.492532,2.711717,2.120929,0.625,21,25,21,13
2,90,1.1,CO-DMO,11.126554,0.998431,5.98539,3.015399,2.125765,0.625,21,18,28,13
2,90,1.1,Offloading,20.148651,0.188711,10.341194,7.533978,2.273478,0.675,80,0,0,0
2,90,1.1,DVS,59.2955,1.024981,51.761522,7.533978,0.0,0.0,80,0,0,0
2,90,1.1,Baseline,59.2955,1.024981,51.761522,7.533978,0.0,0.0,80,0,0,0
2,100,0.1,CO-DMO-CT,2.242164,0.238944,0.585552,1.423407,0.233205,0.625,9,17,22,32
2,100,0.1,CO-DMO,2.137974,0.135867,0.354504,1.521159,0.262311,0.7,11,13,23,33
2,100,0.1,Offloading,9.646771,0.017213,1.852029,7.533119,0.261623,0.7,80,0,0,0
2,100,0.1,DVS,9.559578,0.799169,2.025813,7.533765,0.0,0.0,4,6,20,50
2,100,0.1,Baseline,14.720604,0.125,7.187485,7.533119,0.0,0.0,80,0,0,0
2,100,0.2,CO-DMO-CT,2.616034,0.263192,0.674916,1.540095,0.401023,0.675,6,15,29,30
2,100,0.2,CO-DMO,3.210445,0.347529,0.969988,1.872158,0.368299,0.625,12,14,21,33
2,100,0.2,Offloading,10.315029,0.02754,2.363242,7.533191,0.418596,0.7,80,0,0,0
2,100,0.2,DVS,11.674501,0.998208,4.140573,7.533928,0.0,0.0,3,19,29,29
2,100,0.2,Baseline,18.433144,0.199999,10.899953,7.533191,0.0,0.0,80,0,0,0
2,100,0.3,CO-DMO-CT,3.096716,0.418372,0.833205,1.642125,0.621387,0.7,11,15,21,33
2,100,0.3,CO-DMO,3.563842,0.465833,1.028631,1.948826,0.586385,0.65,12,17,19,32
2,100,0.3,Offloading,11.206035,0.04131,3.044856,7.533286,0.627892,0.7,80,0,0,0
2,100,0.3,DVS,15.932699,0.999227,8.398733,7.533965,0.0,0.0,9,34,26,11
2,100,0.3,Baseline,23.383182,0.299998,15.849895,7.533286,0.0,0.0,80,0,0,0
2,100,0.4,CO-DMO-CT,4.022763,0.538628,1.216589,2.018008,0.788166,0.6625,7,14,27,32
2,100,0.4,CO-DMO,4.279626,0.87343,1.900798,1.660889,0.717939,0.5875,17,13,25,25
2,100,0.4,Offloading,12.097033,0.05508,3.726464,7.533382,0.837188,0.7,80,0,0,0
2,100,0.4,DVS,20.824403,0.997416,13.29041,7.533993,0.0,0.0,21,32,25,2
2,100,0.4,Baseline,28.333184,0.399996,20.799802,7.533382,0.0,0.0,80,0,0,0
2,100,0.5,CO-DMO-CT,4.852407,0.762116,1.597041,2.272608,0.982758,0.65,11,11,21,37
2,100,0.5,CO-DMO,4.697452,0.5048,1.427726,2.233812,1.035915,0.7125,15,13,25,27
2,100,0.5,Offloading,12.988032,0.06885,4.408071,7.533477,1.046484,0.7,80,0,0,0
2,100,0.5,DVS,26.609947,0.99454,19.075996,7.533952,0.0,0.0,36,26,17,1
2,100,0.5,Baseline,33.283201,0.499994,25.749724,7.533477,0.0,0.0,80,0,0,0
2,100,0.6,CO-DMO-CT,5.433029,0.702771,1.71735,2.47489,1.240789,0.7,14,18,19,29
2,100,0.6,CO-DMO,4.666203,0.470501,1.384497,1.993231,1.288476,0.7125,11,11,28,30
2,100,0.6,Offloading,13.879045,0.08262,5.089696,7.533573,1.255777,0.7,80,0,0,0
2,100,0.6,DVS,32.654084,0.998273,25.120164,7.533921,0.0,0.0,41,25,11,3
2,100,0.6,Baseline,38.23319,0.599992,30.699618,7.533573,0.0,0.0,80,0,0,0
2,100,0.7,CO-DMO-CT,5.382426,0.743677,1.873512,2.026709,1.482205,0.7,20,13,20,27
2,100,0.7,CO-DMO,5.423003,0.746522,1.691679,2.267953,1.463371,0.7,18,17,21,24
2,100,0.7,Offloading,14.770015,0.096389,5.771275,7.533668,1.465071,0.7,80,0,0,0
2,100,0.7,DVS,38.598044,0.998757,31.064122,7.533921,0.0,0.0,53,21,5,1
2,100,0.7,Baseline,43.183139,0.699989,35.649471,7.533668,0.0,0.0,80,0,0,0
2,100,0.8,CO-DMO-CT,6.795803,0.765199,2.998476,2.131562,1.665764,0.6875,11,24,25,20
2,100,0.8,CO-DMO,6.623431,0.764573,2.679151,2.281933,1.662347,0.7,16,17,24,23
2,100,0.8,Offloading,15.660969,0.110159,6.452846,7.533764,1.674359,0.7,80,0,0,0
2,100,0.8,DVS,44.964557,0.998647,37.43061,7.533948,0.0,0.0,62,16,2,0
2,100,0.8,Baseline,48.132995,0.799984,40.599231,7.533764,0.0,0.0,80,0,0,0
2,100,0.9,CO-DMO-CT,9.785783,0.72166,5.266102,2.771925,1.747755,0.65,13,26,27,14
2,100,0.9,CO-DMO,6.507512,0.636539,1.951363,2.657967,1.898181,0.725,21,20,16,23
2,100,0.9,Offloading,16.551954,0.123928,7.134442,7.533859,1.883653,0.7,80,0,0,0
2,100,0.9,DVS,51.329986,0.999733,43.796046,7.53394,0.0,0.0,70,8,2,0
2,100,0.9,Baseline,53.082968,0.899982,45.549109,7.533859,0.0,0.0,80,0,0,0
2,100,1.0,CO-DMO-CT,8.522587,0.730078,3.8879,2.652367,1.98232,0.7125,16,26,20,18
2,100,1.0,CO-DMO,9.421589,0.814849,4.790484,2.712374,1.91873,0.675,17,22,25,16
2,100,1.0,Offloading,17.220229,0.134256,7.645672,7.533931,2.040627,0.7,80,0,0,0
2,100,1.0,DVS,56.34959,0.999742,48.815633,7.533957,0.0,0.0,78,2,0,0
2,100,1.0,Baseline,56.795506,0.974981,49.261575,7.533931,0.0,0.0,80,0,0,0
2,100,1.1,CO-DMO-CT,13.193546,0.920624,8.271811,3.012502,1.909233,0.6125,18,24,22,16
2,100,1.1,CO-DMO,9.462156,0.752824,4.706126,2.711082,2.044948,0.675,30,17,24,9
2,100,1.1,Offloading,17.665696,0.14114,7.986441,7.533978,2.145277,0.7,80,0,0,0
2,100,1.1,DVS,59.2955,1.024981,51.761522,7.533978,0.0,0.0,80,0,0,0
2,100,1.1,Baseline,59.2955,1.024981,51.761522,7.533978,0.0,0.0,80,0,0,0
2,110,0.1,CO-DMO-CT,2.389998,0.263816,0.712285,1.479861,0.197852,0.6,8,16,31,25
2,110,0.1,CO-DMO,2.253217,0.168123,0.400203,1.624977,0.228037,0.6625,13,15,25,27
2,110,0.1,Offloading,9.419115,0.012916,1.63935,7.533119,0.246645,0.7375,80,0,0,0
2,110,0.1,DVS,9.559578,0.799169,2.025813,7.533765,0.0,0.0,4,6,20,50
2,110,0.1,Baseline,14.720604,0.125,7.187485,7.533119,0.0,0.0,80,0,0,0
2,110,0.2,CO-DMO-CT,2.766939,0.380571,0.865954,1.555659,0.345326,0.625,14,17,18,31
2,110,0.2,CO-DMO,3.029852,0.33498,0.794885,1.888827,0.346141,0.6375,12,9,23,36
2,110,0.2,Offloading,9.950778,0.020666,2.022955,7.533191,0.394632,0.7375,80,0,0,0
2,110,0.2,DVS,11.674501,0.998208,4.140573,7.533928,0.0,0.0,3,19,29,29
2,110,0.2,Baseline,18.433144,0.199999,10.899953,7.533191,0.0,0.0,80,0,0,0
2,110,0.3,CO-DMO-CT,3.676408,0.367182,1.118403,2.012583,0.545421,0.6625,5,18,31,26
2,110,0.3,CO-DMO,3.64812,0.453944,1.03605,2.079841,0.53223,0.65,11,9,20,40
2,110,0.3,Offloading,10.659661,0.030999,2.534428,7.533286,0.591946,0.7375,80,0,0,0
2,110,0.3,DVS,15.932699,0.999227,8.398733,7.533965,0.0,0.0,9,34,26,11
2,110,0.3,Baseline,23.383182,0.299998,15.849895,7.533286,0.0,0.0,80,0,0,0
2,110,0.4,CO-DMO-CT,3.619026,0.511933,1.135108,1.741051,0.742867,0.7,7,24,23,26
2,110,0.4,CO-DMO,3.556774,0.63708,1.151084,1.679805,0.725884,0.675,12,12,19,37
2,110,0.4,Offloading,11.368531,0.041331,3.04589,7.533382,0.78926,0.7375,80,0,0,0
2,110,0.4,DVS,20.824403,0.997416,13.29041,7.533993,0.0,0.0,21,32,25,2
2,110,0.4,Baseline,28.333184,0.399996,20.799802,7.533382,0.0,0.0,80,0,0,0
2,110,0.5,CO-DMO-CT,4.10116,0.536659,1.321268,1.82949,0.950402,0.7,8,22,24,26
2,110,0.5,CO-DMO,4.5127,0.614139,1.831751,1.778648,0.902301,0.6625,10,14,31,25
2,110,0.5,Offloading,12.07741,0.051664,3.557359,7.533477,0.986573,0.7375,80,0,0,0
2,110,0.5,DVS,26.609947,0.99454,19.075996,7.533952,0.0,0.0,36,26,17,1
2,110,0.5,Baseline,33.283201,0.499994,25.749724,7.533477,0.0,0.0,80,0,0,0
2,110,0.6,CO-DMO-CT,5.605163,0.609031,1.93309,2.539823,1.13225,0.6875,14,13,29,24
2,110,0.6,CO-DMO,4.546162,0.725892,1.378933,2.026471,1.140758,0.7125,12,8,31,29
2,110,0.6,Offloading,12.786294,0.061997,4.068837,7.533573,1.183885,0.7375,80,0,0,0
2,110,0.6,DVS,32.654084,0.998273,25.120164,7.533921,0.0,0.0,41,25,11,3
2,110,0.6,Baseline,38.23319,0.599992,30.699618,7.533573,0.0,0.0,80,0,0,0
2,110,0.7,CO-DMO-CT,5.307393,0.749444,1.890305,2.080974,1.336114,0.7,16,19,25,20
2,110,0.7,CO-DMO,6.037812,0.770924,1.90485,2.817602,1.31536,0.7,12,20,23,25
2,110,0.7,Offloading,13.495144,0.072329,4.580278,7.533668,1.381198,0.7375,80,0,0,0
2,110,0.7,DVS,38.598044,0.998757,31.064122,7.533921,0.0,0.0,53,21,5,1
2,110,0.7,Baseline,43.183139,0.699989,35.649471,7.533668,0.0,0.0,80,0,0,0
2,110,0.8,CO-DMO-CT,6.502703,0.809758,2.798031,2.214766,1.489906,0.6875,9,23,28,20
2,110,0.8,CO-DMO,6.019417,0.6677,2.153786,2.366899,1.498731,0.7,8,23,22,27
2,110,0.8,Offloading,14.203972,0.082661,5.091704,7.533764,1.578505,0.7375,80,0,0,0
2,110,0.8,DVS,44.964557,0.998647,37.43061,7.533948,0.0,0.0,62,16,2,0
2,110,0.8,Baseline,48.132995,0.799984,40.599231,7.533764,0.0,0.0,80,0,0,0
2,110,0.9,CO-DMO-CT,8.487108,0.933614,4.511242,2.361002,1.614864,0.6625,13,30,25,12
2,110,0.9,CO-DMO,6.791067,0.897587,2.701079,2.387509,1.702479,0.7,18,22,16,24
2,110,0.9,Offloading,14.912828,0.092993,5.603152,7.533859,1.775817,0.7375,80,0,0,0
2,110,0.9,DVS,51.329986,0.999733,43.796046,7.53394,0.0,0.0,70,8,2,0
2,110,0.9,Baseline,53.082968,0.899982,45.549109,7.533859,0.0,0.0,80,0,0,0
2,110,1.0,CO-DMO-CT,7.631978,1.000367,3.29604,2.533117,1.802821,0.6875,9,22,30,19
2,110,1.0,CO-DMO,7.254349,0.879938,2.650578,2.740886,1.862885,0.7125,19,17,22,22
2,110,1.0,Offloading,15.444502,0.100743,5.986767,7.533931,1.923805,0.7375,80,0,0,0
2,110,1.0,DVS,56.34959,0.999742,48.815633,7.533957,0.0,0.0,78,2,0,0
2,110,1.0,Baseline,56.795506,0.974981,49.261575,7.533931,0.0,0.0,80,0,0,0
2,110,1.1,CO-DMO-CT,11.016957,0.844435,6.469643,2.735976,1.811338,0.65,23,18,21,18
2,110,1.1,CO-DMO,11.03121,0.959959,6.426838,2.848742,1.75563,0.625,23,20,28,9
2,110,1.1,Offloading,15.79896,0.105909,6.24252,7.533978,2.022461,0.7375,80,0,0,0
2,110,1.1,DVS,59.2955,1.024981,51.761522,7.533978,0.0,0.0,80,0,0,0
2,110,1.1,Baseline,59.2955,1.024981,51.761522,7.533978,0.0,0.0,80,0,0,0
2,120,0.1,CO-DMO-CT,2.532279,0.335954,0.706928,1.649585,0.175767,0.55,8,27,17,28
2,120,0.1,CO-DMO,2.877586,0.318746,0.746057,1.957771,0.173758,0.5375,8,12,25,35
2,120,0.1,Offloading,9.65762,0.018322,1.906931,7.533119,0.21757,0.7,80,0,0,0
2,120,0.1,DVS,9.559578,0.799169,2.025813,7.533765,0.0,0.0,4,6,20,50
2,120,0.1,Baseline,14.720604,0.125,7.187485,7.533119,0.0,0.0,80,0,0,0
2,120,0.2,CO-DMO-CT,2.89617,0.295915,0.59565,1.968561,0.331959,0.6625,4,21,22,33
2,120,0.2,CO-DMO,2.687239,0.294947,0.584193,1.774185,0.32886,0.6625,2,18,30,30
2,120,0.2,Offloading,10.332386,0.029315,2.451084,7.533191,0.348111,0.7,80,0,0,0
2,120,0.2,DVS,11.674501,0.998208,4.140573,7.533928,0.0,0.0,3,19,29,29
2,120,0.2,Baseline,18.433144,0.199999,10.899953,7.533191,0.0,0.0,80,0,0,0
2,120,0.3,CO-DMO-CT,3.403109,0.478941,1.148894,1.763094,0.491121,0.65,11,12,24,33
2,120,0.3,CO-DMO,3.010268,0.244025,0.591284,1.876371,0.542613,0.7375,6,17,27,30
2,120,0.3,Offloading,11.232071,0.043972,3.176619,7.533286,0.522166,0.7,80,0,0,0
2,120,0.3,DVS,15.932699,0.999227,8.398733,7.533965,0.0,0.0,9,34,26,11
2,120,0.3,Baseline,23.383182,0.299998,15.849895,7.533286,0.0,0.0,80,0,0,0
2,120,0.4,CO-DMO-CT,4.01914,0.556118,1.130406,2.204461,0.684273,0.6875,16,13,16,35
2,120,0.4,CO-DMO,3.665462,0.52952,1.265946,1.727919,0.671597,0.675,11,21,18,30
2,120,0.4,Offloading,12.131748,0.058629,3.902147,7.533382,0.696219,0.7,80,0,0,0
2,120,0.4,DVS,20.824403,0.997416,13.29041,7.533993,0.0,0.0,21,32,25,2
2,120,0.4,Baseline,28.333184,0.399996,20.799802,7.533382,0.0,0.0,80,0,0,0
2,120,0.5,CO-DMO-CT,4.347584,0.44721,1.263707,2.189614,0.894263,0.725,11,20,18,31
2,120,0.5,CO-DMO,4.002881,0.721655,1.466703,1.704122,0.832057,0.6625,10,19,30,21
2,120,0.5,Offloading,13.031431,0.073286,4.627681,7.533477,0.870273,0.7,80,0,0,0
2,120,0.5,DVS,26.609947,0.99454,19.075996,7.533952,0.0,0.0,36,26,17,1
2,120,0.5,Baseline,33.283201,0.499994,25.749724,7.533477,0.0,0.0,80,0,0,0
2,120,0.6,CO-DMO-CT,5.275954,0.824997,1.938182,2.354303,0.98347,0.6875,15,16,19,30
2,120,0.6,CO-DMO,4.864964,0.535892,1.641801,2.175523,1.04764,0.7,15,13,29,23
2,120,0.6,Offloading,13.931103,0.087944,5.353205,7.533573,1.044325,0.7,80,0,0,0
2,120,0.6,DVS,32.654084,0.998273,25.120164,7.533921,0.0,0.0,41,25,11,3
2,120,0.6,Baseline,38.23319,0.599992,30.699618,7.533573,0.0,0.0,80,0,0,0
2,120,0.7,CO-DMO-CT,4.574978,0.52388,1.474668,1.83557,1.264741,0.725,10,12,33,25
2,120,0.7,CO-DMO,5.670723,0.648934,1.928089,2.524092,1.218543,0.7,9,21,25,25
2,120,0.7,Offloading,14.83076,0.1026,6.078713,7.533668,1.218378,0.7,80,0,0,0
2,120,0.7,DVS,38.598044,0.998757,31.064122,7.533921,0.0,0.0,53,21,5,1
2,120,0.7,Baseline,43.183139,0.699989,35.649471,7.533668,0.0,0.0,80,0,0,0
2,120,0.8,CO-DMO-CT,6.633541,0.857532,2.515675,2.743072,1.374794,0.6875,13,14,26,27
2,120,0.8,CO-DMO,5.817193,0.529941,1.869535,2.528613,1.419045,0.725,10,17,33,20
2,120,0.8,Offloading,15.730411,0.117257,6.804223,7.533764,1.392425,0.7,80,0,0,0
2,120,0.8,DVS,44.964557,0.998647,37.43061,7.533948,0.0,0.0,62,16,2,0
2,120,0.8,Baseline,48.132995,0.799984,40.599231,7.533764,0.0,0.0,80,0,0,0
2,120,0.9,CO-DMO-CT,8.954838,0.75598,5.136651,2.331165,1.487023,0.6625,14,28,20,18
2,120,0.9,CO-DMO,7.932096,1.000312,4.142359,2.323945,1.465792,0.6375,16,18,29,17
2,120,0.9,Offloading,16.630057,0.131914,7.52972,7.533859,1.566478,0.7,80,0,0,0
2,120,0.9,DVS,51.329986,0.999733,43.796046,7.53394,0.0,0.0,70,8,2,0
2,120,0.9,Baseline,53.082968,0.899982,45.549109,7.533859,0.0,0.0,80,0,0,0
2,120,1.0,CO-DMO-CT,8.179345,0.803199,4.338585,2.169623,1.671137,0.7,27,20,17,16
2,120,1.0,CO-DMO,7.892321,0.862875,3.815197,2.446805,1.630319,0.6875,23,18,25,14
2,120,1.0,Offloading,17.304873,0.142908,8.073923,7.533931,1.697019,0.7,80,0,0,0
2,120,1.0,DVS,56.34959,0.999742,48.815633,7.533957,0.0,0.0,78,2,0,0
2,120,1.0,Baseline,56.795506,0.974981,49.261575,7.533931,0.0,0.0,80,0,0,0
2,120,1.1,CO-DMO-CT,12.066186,0.950472,7.938699,2.511671,1.615816,0.625,26,15,19,20
2,120,1.1,CO-DMO,10.484243,0.929937,6.343487,2.533342,1.607414,0.6375,25,21,27,7
2,120,1.1,Offloading,17.75466,0.150235,8.436634,7.533978,1.784048,0.7,80,0,0,0
2,120,1.1,DVS,59.2955,1.024981,51.761522,7.533978,0.0,0.0,80,0,0,0
2,120,1.1,Baseline,59.2955,1.024981,51.761522,7.533978,0.0,0.0,80,0,0,0
2,130,0.1,CO-DMO-CT,1.968366,0.153483,0.395415,1.374384,0.198567,0.6875,13,17,22,28
2,130,0.1,CO-DMO,2.266845,0.211901,0.496561,1.584925,0.185359,0.65,11,15,20,34
2,130,0.1,Offloading,9.640884,0.018322,1.906931,7.533119,0.200834,0.7,80,0,0,0
2,130,0.1,DVS,9.559578,0.799169,2.025813,7.533765,0.0,0.0,4,6,20,50
2,130,0.1,Baseline,14.720604,0.125,7.187485,7.533119,0.0,0.0,80,0,0,0
2,130,0.2,CO-DMO-CT,2.535977,0.347773,0.888938,1.362789,0.284251,0.6375,7,19,22,32
2,130,0.2,CO-DMO,2.27896,0.226202,0.65334,1.313302,0.312318,0.675,6,17,29,28
2,130,0.2,Offloading,10.305608,0.029315,2.451084,7.533191,0.321334,0.7,80,0,0,0
2,130,0.2,DVS,11.674501,0.998208,4.140573,7.533928,0.0,0.0,3,19,29,29
2,130,0.2,Baseline,18.433144,0.199999,10.899953,7.533191,0.0,0.0,80,0,0,0
2,130,0.3,CO-DMO-CT,2.873744,0.334219,0.72151,1.668064,0.48417,0.7,6,18,22,34
2,130,0.3,CO-DMO,3.957722,0.781615,1.625719,1.967143,0.36486,0.5625,6,17,21,36
2,130,0.3,Offloading,11.191905,0.043972,3.176619,7.533286,0.481999,0.7,80,0,0,0
2,130,0.3,DVS,15.932699,0.999227,8.398733,7.533965,0.0,0.0,9,34,26,11
2,130,0.3,Baseline,23.383182,0.299998,15.849895,7.533286,0.0,0.0,80,0,0,0
2,130,0.4,CO-DMO-CT,3.435409,0.6278,1.348577,1.476882,0.60995,0.6625,9,11,29,31
2,130,0.4,CO-DMO,3.817394,0.632272,1.565414,1.647844,0.604137,0.6625,4,15,22,39
2,130,0.4,Offloading,12.078193,0.058629,3.902147,7.533382,0.642664,0.7,80,0,0,0
2,130,0.4,DVS,20.824403,0.997416,13.29041,7.533993,0.0,0.0,21,32,25,2
2,130,0.4,Baseline,28.333184,0.399996,20.799802,7.533382,0.0,0.0,80,0,0,0
2,130,0.5,CO-DMO-CT,3.539539,0.437153,0.944248,1.772159,0.823132,0.7375,11,12,29,28
2,130,0.5,CO-DMO,4.192909,0.516551,1.073743,2.314423,0.804743,0.7,5,14,26,35
2,130,0.5,Offloading,12.964487,0.073286,4.627681,7.533477,0.803329,0.7,80,0,0,0
2,130,0.5,DVS,26.609947,0.99454,19.075996,7.533952,0.0,0.0,36,26,17,1
2,130,0.5,Baseline,33.283201,0.499994,25.749724,7.533477,0.0,0.0,80,0,0,0
2,130,0.6,CO-DMO-CT,4.763021,0.940695,1.95986,1.893789,0.909372,0.65,12,12,27,29
2,130,0.6,CO-DMO,4.727541,0.583086,1.981757,1.794095,0.951688,0.6875,17,11,25,27
2,130,0.6,Offloading,13.85077,0.087944,5.353205,7.533573,0.963993,0.7,80,0,0,0
2,130,0.6,DVS,32.654084,0.998273,25.120164,7.533921,0.0,0.0,41,25,11,3
2,130,0.6,Baseline,38.23319,0.599992,30.699618,7.533573,0.0,0.0,80,0,0,0
2,130,0.7,CO-DMO-CT,5.350082,0.657322,1.895701,2.325568,1.128814,0.7,13,15,30,22
2,130,0.7,CO-DMO,5.181097,0.853599,1.731842,2.349755,1.0995,0.6875,13,16,21,30
2,130,0.7,Offloading,14.737038,0.1026,6.078713,7.533668,1.124657,0.7,80,0,0,0
2,130,0.7,DVS,38.598044,0.998757,31.064122,7.533921,0.0,0.0,53,21,5,1
2,130,0.7,Baseline,43.183139,0.699989,35.649471,7.533668,0.0,0.0,80,0,0,0
2,130,0.8,CO-DMO-CT,6.542908,0.794929,2.738027,2.529569,1.275311,0.6875,9,19,26,26
2,130,0.8,CO-DMO,6.970104,0.726042,3.431253,2.328415,1.210436,0.6625,11,20,28,21
2,130,0.8,Offloading,15.623302,0.117257,6.804223,7.533764,1.285315,0.7,80,0,0,0
2,130,0.8,DVS,44.964557,0.998647,37.43061,7.533948,0.0,0.0,62,16,2,0
2,130,0.8,Baseline,48.132995,0.799984,40.599231,7.533764,0.0,0.0,80,0,0,0
2,130,0.9,CO-DMO-CT,9.306547,0.684471,5.579222,2.376859,1.350466,0.65,16,26,25,13
2,130,0.9,CO-DMO,7.412567,0.921683,3.287678,2.722172,1.402718,0.6625,14,23,19,24
2,130,0.9,Offloading,16.509559,0.131914,7.52972,7.533859,1.44598,0.7,80,0,0,0
2,130,0.9,DVS,51.329986,0.999733,43.796046,7.53394,0.0,0.0,70,8,2,0
2,130,0.9,Baseline,53.082968,0.899982,45.549109,7.533859,0.0,0.0,80,0,0,0
2,130,1.0,CO-DMO-CT,8.798378,0.91362,5.190221,2.132604,1.475554,0.6625,28,20,17,15
2,130,1.0,CO-DMO,8.560821,0.880491,4.751122,2.302509,1.50719,0.6625,21,19,23,17
2,130,1.0,Offloading,17.174333,0.142908,8.073923,7.533931,1.566479,0.7,80,0,0,0
2,130,1.0,DVS,56.34959,0.999742,48.815633,7.533957,0.0,0.0,78,2,0,0
2,130,1.0,Baseline,56.795506,0.974981,49.261575,7.533931,0.0,0.0,80,0,0,0
2,130,1.1,CO-DMO-CT,12.086429,0.723391,7.897501,2.663676,1.525252,0.6375,26,23,14,17
2,130,1.1,CO-DMO,12.508274,0.953792,8.033156,3.083749,1.391368,0.6,20,24,20,16
2,130,1.1,Offloading,17.617425,0.150235,8.436634,7.533978,1.646813,0.7,80,0,0,0
2,130,1.1,DVS,59.2955,1.024981,51.761522,7.533978,0.0,0.0,80,0,0,0
2,130,1.1,Baseline,59.2955,1.024981,51.761522,7.533978,0.0,0.0,80,0,0,0
4,0,0.1,CO-DMO-CT,3.839225,0.943594,2.43862,1.400605,0.0,0.0,4,8,22,46
4,0,0.1,CO-DMO,3.839225,0.943594,2.43862,1.400605,0.0,0.0,4,8,22,46
4,0,0.1,Offloading,11.946165,0.06895,4.413046,7.533119,0.0,0.3625,80,0,0,0
4,0,0.1,DVS,9.559578,0.799169,2.025813,7.533765,0.0,0.0,4,6,20,50
4,0,0.1,Baseline,14.720604,0.125,7.187485,7.533119,0.0,0.0,80,0,0,0
4,0,0.2,CO-DMO-CT,6.955449,1.001988,5.263083,1.692366,0.0,0.0,7,16,41,16
4,0,0.2,CO-DMO,6.955449,1.001988,5.263083,1.692366,0.0,0.0,7,16,41,16
4,0,0.2,Offloading,13.994056,0.110321,6.460866,7.533191,0.0,0.3625,80,0,0,0
4,0,0.2,DVS,11.674501,0.998208,4.140573,7.533928,0.0,0.0,3,19,29,29
4,0,0.2,Baseline,18.433144,0.199999,10.899953,7.533191,0.0,0.0,80,0,0,0
4,0,0.3,CO-DMO-CT,9.156218,0.673796,5.164728,3.99149,0.0,0.3625,23,19,15,23
4,0,0.3,CO-DMO,9.156218,0.673796,5.164728,3.99149,0.0,0.3625,23,19,15,23
4,0,0.3,Offloading,16.724566,0.16548,9.19128,7.533286,0.0,0.3625,80,0,0,0
4,0,0.3,DVS,15.932699,0.999227,8.398733,7.533965,0.0,0.0,9,34,26,11
4,0,0.3,Baseline,23.383182,0.299998,15.849895,7.533286,0.0,0.0,80,0,0,0
4,0,0.4,CO-DMO-CT,10.874661,0.898391,6.881075,3.993587,0.0,0.3625,23,19,15,23
4,0,0.4,CO-DMO,10.874661,0.898391,6.881075,3.993587,0.0,0.3625,23,19,15,23
4,0,0.4,Offloading,19.455052,0.22064,11.92167,7.533382,0.0,0.3625,80,0,0,0
4,0,0.4,DVS,20.824403,0.997416,13.29041,7.533993,0.0,0.0,21,32,25,2
4,0,0.4,Baseline,28.333184,0.399996,20.799802,7.533382,0.0,0.0,80,0,0,0
4,0,0.5,CO-DMO-CT,12.595028,1.122988,8.599345,3.995683,0.0,0.3625,23,19,15,23
4,0,0.5,CO-DMO,12.595028,1.122988,8.599345,3.995683,0.0,0.3625,23,19,15,23
4,0,0.5,Offloading,22.185547,0.275799,14.652069,7.533477,0.0,0.3625,80,0,0,0
4,0,0.5,DVS,26.609947,0.99454,19.075996,7.533952,0.0,0.0,36,26,17,1
4,0,0.5,Baseline,33.283201,0.499994,25.749724,7.533477,0.0,0.0,80,0,0,0
4,0,0.6,CO-DMO-CT,14.316978,1.347585,10.319198,3.99778,0.0,0.3625,23,19,15,23
4,0,0.6,CO-DMO,14.316978,1.347585,10.319198,3.99778,0.0,0.3625,23,19,15,23
4,0,0.6,Offloading,24.916038,0.330959,17.382465,7.533573,0.0,0.3625,80,0,0,0
4,0,0.6,DVS,32.654084,0.998273,25.120164,7.533921,0.0,0.0,41,25,11,3
4,0,0.6,Baseline,38.23319,0.599992,30.699618,7.533573,0.0,0.0,80,0,0,0
4,0,0.7,CO-DMO-CT,21.083394,1.487267,17.085985,3.997409,0.0,0.275,29,24,11,16
4,0,0.7,CO-DMO,21.083394,1.487267,17.085985,3.997409,0.0,0.275,29,24,11,16
4,0,0.7,Offloading,27.646478,0.386117,20.11281,7.533668,0.0,0.3625,80,0,0,0
4,0,0.7,DVS,38.598044,0.998757,31.064122,7.533921,0.0,0.0,53,21,5,1
4,0,0.7,Baseline,43.183139,0.699989,35.649471,7.533668,0.0,0.0,80,0,0,0
4,0,0.8,CO-DMO-CT,44.524536,0.995683,40.826402,3.698134,0.0,0.0,71,7,2,0
4,0,0.8,CO-DMO,44.524536,0.995683,40.826402,3.698134,0.0,0.0,71,7,2,0
4,0,0.8,Offloading,30.376894,0.441275,22.84313,7.533764,0.0,0.3625,80,0,0,0
4,0,0.8,DVS,44.964557,0.998647,37.43061,7.533948,0.0,0.0,62,16,2,0
4,0,0.8,Baseline,48.132995,0.799984,40.599231,7.533764,0.0,0.0,80,0,0,0
4,0,0.9,CO-DMO-CT,51.323832,0.997855,47.269256,4.054577,0.0,0.0,77,2,1,0
4,0,0.9,CO-DMO,51.323832,0.997855,47.269256,4.054577,0.0,0.0,77,2,1,0
4,0,0.9,Offloading,33.107343,0.496434,25.573484,7.533859,0.0,0.3625,80,0,0,0
4,0,0.9,DVS,51.329986,0.999733,43.796046,7.53394,0.0,0.0,70,8,2,0
4,0,0.9,Baseline,53.082968,0.899982,45.549109,7.533859,0.0,0.0,80,0,0,0
4,0,1.0,CO-DMO-CT,55.755456,1.011084,50.066928,5.688527,0.0,0.0,80,0,0,0
4,0,1.0,CO-DMO,55.755456,1.011084,50.066928,5.688527,0.0,0.0,80,0,0,0
4,0,1.0,Offloading,35.155274,0.537805,27.621344,7.533931,0.0,0.3625,80,0,0,0
4,0,1.0,DVS,56.34959,0.999742,48.815633,7.533957,0.0,0.0,78,2,0,0
4,0,1.0,Baseline,56.795506,0.974981,49.261575,7.533931,0.0,0.0,80,0,0,0
4,0,1.1,CO-DMO-CT,58.311999,1.064571,52.672106,5.639893,0.0,0.0,80,0,0,0
4,0,1.1,CO-DMO,58.311999,1.064571,52.672106,5.639893,0.0,0.0,80,0,0,0
4,0,1.1,Offloading,36.520457,0.565383,28.986479,7.533978,0.0,0.3625,80,0,0,0
4,0,1.1,DVS,59.2955,1.024981,51.761522,7.533978,0.0,0.0,80,0,0,0
4,0,1.1,Baseline,59.2955,1.024981,51.761522,7.533978,0.0,0.0,80,0,0,0
4,10,0.1,CO-DMO-CT,3.996618,0.506895,1.21221,1.488738,1.295671,0.3875,13,7,26,34
4,10,0.1,CO-DMO,3.80881,0.423798,1.059856,1.172605,1.576348,0.45,12,14,22,32
4,10,0.1,Offloading,11.866138,0.012812,1.634176,7.533119,2.698844,0.7375,80,0,0,0
4,10,0.1,DVS,9.559578,0.799169,2.025813,7.533765,0.0,0.0,4,6,20,50
4,10,0.1,Baseline,14.720604,0.125,7.187485,7.533119,0.0,0.0,80,0,0,0
4,10,0.2,CO-DMO-CT,5.531593,0.954598,2.131883,1.622786,1.776924,0.3375,6,18,19,37
4,10,0.2,CO-DMO,4.773521,0.791637,1.606626,0.885693,2.281202,0.425,6,16,20,38
4,10,0.2,Offloading,13.866007,0.020499,2.014677,7.533191,4.318139,0.7375,80,0,0,0
4,10,0.2,DVS,11.674501,0.998208,4.140573,7.533928,0.0,0.0,3,19,29,29
4,10,0.2,Baseline,18.433144,0.199999,10.899953,7.533191,0.0,0.0,80,0,0,0
4,10,0.3,CO-DMO-CT,8.270605,0.939833,2.579688,2.118181,3.572737,0.45,9,17,23,31
4,10,0.3,CO-DMO,8.022457,0.990258,2.241765,1.837534,3.943158,0.475,10,14,24,32
4,10,0.3,Offloading,16.53249,0.030748,2.52201,7.533286,6.477193,0.7375,80,0,0,0
4,10,0.3,DVS,15.932699,0.999227,8.398733,7.533965,0.0,0.0,9,34,26,11
4,10,0.3,Baseline,23.383182,0.299998,15.849895,7.533286,0.0,0.0,80,0,0,0
4,10,0.4,CO-DMO-CT,10.372601,0.999928,2.914721,1.740378,5.717503,0.525,13,16,22,29
4,10,0.4,CO-DMO,10.374384,1.000086,2.459908,2.089221,5.825256,0.525,13,13,25,29
4,10,0.4,Offloading,19.198952,0.040997,3.029335,7.533382,8.636235,0.7375,80,0,0,0
4,10,0.4,DVS,20.824403,0.997416,13.29041,7.533993,0.0,0.0,21,32,25,2
4,10,0.4,Baseline,28.333184,0.399996,20.799802,7.533382,0.0,0.0,80,0,0,0
4,10,0.5,CO-DMO-CT,13.144008,0.988922,2.453957,2.304628,8.385423,0.5875,6,15,31,28
4,10,0.5,CO-DMO,13.33629,0.997917,3.684366,2.245127,7.406798,0.5375,18,15,28,19
4,10,0.5,Offloading,21.865423,0.051246,3.536665,7.533477,10.795281,0.7375,80,0,0,0
4,10,0.5,DVS,26.609947,0.99454,19.075996,7.533952,0.0,0.0,36,26,17,1
4,10,0.5,Baseline,33.283201,0.499994,25.749724,7.533477,0.0,0.0,80,0,0,0
4,10,0.6,CO-DMO-CT,15.686161,0.9952,3.497465,2.046817,10.141879,0.5875,14,22,22,22
4,10,0.6,CO-DMO,16.353924,0.945888,3.764378,2.409541,10.180004,0.575,14,18,24,24
4,10,0.6,Offloading,24.531878,0.061495,4.044002,7.533573,12.954304,0.7375,80,0,0,0
4,10,0.6,DVS,32.654084,0.998273,25.120164,7.533921,0.0,0.0,41,25,11,3
4,10,0.6,Baseline,38.23319,0.599992,30.699618,7.533573,0.0,0.0,80,0,0,0
4,10,0.7,CO-DMO-CT,18.784189,1.00036,5.185169,2.003858,11.595163,0.5875,10,19,35,16
4,10,0.7,CO-DMO,18.10616,0.986328,3.373914,2.37663,12.355616,0.6375,16,19,28,17
4,10,0.7,Offloading,27.663785,0.090209,5.465354,7.533668,14.664763,0.7125,80,0,0,0
4,10,0.7,DVS,38.598044,0.998757,31.064122,7.533921,0.0,0.0,53,21,5,1
4,10,0.7,Baseline,43.183139,0.699989,35.649471,7.533668,0.0,0.0,80,0,0,0
4,10,0.8,CO-DMO-CT,21.169494,0.985806,4.707505,2.098663,14.363326,0.625,13,21,29,17
4,10,0.8,CO-DMO,22.189743,0.95895,5.005742,3.175001,14.008999,0.625,11,17,29,23
4,10,0.8,Offloading,29.864665,0.081992,5.058595,7.533764,17.272306,0.7375,80,0,0,0
4,10,0.8,DVS,44.964557,0.998647,37.43061,7.533948,0.0,0.0,62,16,2,0
4,10,0.8,Baseline,48.132995,0.799984,40.599231,7.533764,0.0,0.0,80,0,0,0
4,10,0.9,CO-DMO-CT,24.723048,0.97081,6.688104,2.841699,15.193245,0.6,15,23,30,12
4,10,0.9,CO-DMO,24.24585,0.964402,5.367914,2.493852,16.384083,0.5875,20,28,21,11
4,10,0.9,Offloading,33.129572,0.115982,6.741119,7.533859,18.854594,0.7125,80,0,0,0
4,10,0.9,DVS,51.329986,0.999733,43.796046,7.53394,0.0,0.0,70,8,2,0
4,10,0.9,Baseline,53.082968,0.899982,45.549109,7.533859,0.0,0.0,80,0,0,0
4,10,1.0,CO-DMO-CT,27.147525,0.973852,7.64522,2.396982,17.105323,0.6375,26,25,19,10
4,10,1.0,CO-DMO,26.100049,0.968291,5.200392,2.613558,18.286099,0.65,19,23,26,12
4,10,1.0,Offloading,34.530997,0.099928,5.946419,7.533931,21.050647,0.7375,80,0,0,0
4,10,1.0,DVS,56.34959,0.999742,48.815633,7.533957,0.0,0.0,78,2,0,0
4,10,1.0,Baseline,56.795506,0.974981,49.261575,7.533931,0.0,0.0,80,0,0,0
4,10,1.1,CO-DMO-CT,29.522959,0.999413,9.693489,1.804544,18.024926,0.5625,28,26,16,10
4,10,1.1,CO-DMO,29.612951,0.893002,8.890576,2.478419,18.243955,0.6125,25,21,24,10
4,10,1.1,Offloading,35.864238,0.105052,6.20009,7.533978,22.130169,0.7375,80,0,0,0
4,10,1.1,DVS,59.2955,1.024981,51.761522,7.533978,0.0,0.0,80,0,0,0
4,10,1.1,Baseline,59.2955,1.024981,51.761522,7.533978,0.0,0.0,80,0,0,0
4,20,0.1,CO-DMO-CT,3.066839,0.325234,0.678682,1.383333,1.004825,0.5875,11,16,19,34
4,20,0.1,CO-DMO,3.278812,0.256882,0.67062,1.495672,1.11252,0.5875,20,12,25,23
4,20,0.1,Offloading,10.711146,0.017823,1.882215,7.533119,1.295811,0.6875,80,0,0,0
4,20,0.1,DVS,9.559578,0.799169,2.025813,7.533765,0.0,0.0,4,6,20,50
4,20,0.1,Baseline,14.720604,0.125,7.187485,7.533119,0.0,0.0,80,0,0,0
4,20,0.2,CO-DMO-CT,4.162778,0.563585,1.109027,1.532985,1.520766,0.55,9,17,19,35
4,20,0.2,CO-DMO,4.024426,0.587976,1.121589,1.387327,1.51551,0.55,7,14,22,37
4,20,0.2,Offloading,12.018023,0.028516,2.41154,7.533191,2.073292,0.6875,80,0,0,0
4,20,0.2,DVS,11.674501,0.998208,4.140573,7.533928,0.0,0.0,3,19,29,29
4,20,0.2,Baseline,18.433144,0.199999,10.899953,7.533191,0.0,0.0,80,0,0,0
4,20,0.3,CO-DMO-CT,5.471259,0.757098,1.621526,1.351045,2.498688,0.5625,7,12,29,32
4,20,0.3,CO-DMO,5.502423,0.73518,1.865495,1.149841,2.487088,0.5625,13,15,21,31
4,20,0.3,Offloading,13.760521,0.042774,3.117303,7.533286,3.109931,0.6875,80,0,0,0
4,20,0.3,DVS,15.932699,0.999227,8.398733,7.533965,0.0,0.0,9,34,26,11
4,20,0.3,Baseline,23.383182,0.299998,15.849895,7.533286,0.0,0.0,80,0,0,0
4,20,0.4,CO-DMO-CT,7.306612,0.518475,1.168336,2.058418,4.079858,0.6875,12,20,17,31
4,20,0.4,CO-DMO,7.161394,0.942982,1.921457,1.775004,3.464933,0.5625,8,14,24,34
4,20,0.4,Offloading,15.503004,0.057032,3.823059,7.533382,4.146563,0.6875,80,0,0,0
4,20,0.4,DVS,20.824403,0.997416,13.29041,7.533993,0.0,0.0,21,32,25,2
4,20,0.4,Baseline,28.333184,0.399996,20.799802,7.533382,0.0,0.0,80,0,0,0
4,20,0.5,CO-DMO-CT,8.137823,0.847991,1.679372,1.725252,4.733199,0.65,8,13,26,33
4,20,0.5,CO-DMO,8.496735,0.829198,2.114355,1.933515,4.448866,0.625,8,15,24,33
4,20,0.5,Offloading,17.245494,0.071289,4.528818,7.533477,5.183198,0.6875,80,0,0,0
4,20,0.5,DVS,26.609947,0.99454,19.075996,7.533952,0.0,0.0,36,26,17,1
4,20,0.5,Baseline,33.283201,0.499994,25.749724,7.533477,0.0,0.0,80,0,0,0
4,20,0.6,CO-DMO-CT,10.045057,0.924102,2.406869,1.990518,5.64767,0.6375,14,15,25,26
4,20,0.6,CO-DMO,10.209209,0.937411,1.954088,2.381113,5.874008,0.6625,14,12,30,24
4,20,0.6,Offloading,18.987977,0.085547,5.234583,7.533573,6.219822,0.6875,80,0,0,0
4,20,0.6,DVS,32.654084,0.998273,25.120164,7.533921,0.0,0.0,41,25,11,3
4,20,0.6,Baseline,38.23319,0.599992,30.699618,7.533573,0.0,0.0,80,0,0,0
4,20,0.7,CO-DMO-CT,12.562162,0.998798,3.615957,2.448902,6.497304,0.6375,11,19,24,26
4,20,0.7,CO-DMO,11.256387,0.770569,1.793396,2.181755,7.281237,0.7,11,17,25,27
4,20,0.7,Offloading,20.730437,0.099804,5.940318,7.533668,7.256451,0.6875,80,0,0,0
4,20,0.7,DVS,38.598044,0.998757,31.064122,7.533921,0.0,0.0,53,21,5,1
4,20,0.7,Baseline,43.183139,0.699989,35.649471,7.533668,0.0,0.0,80,0,0,0
4,20,0.8,CO-DMO-CT,14.275112,0.961392,3.69966,2.979441,7.596011,0.6625,14,24,21,21
4,20,0.8,CO-DMO,12.794716,0.870748,2.84885,2.328068,7.617798,0.675,13,12,31,24
4,20,0.8,Offloading,22.472846,0.114061,6.646036,7.533764,8.293046,0.6875,80,0,0,0
4,20,0.8,DVS,44.964557,0.998647,37.43061,7.533948,0.0,0.0,62,16,2,0
4,20,0.8,Baseline,48.132995,0.799984,40.599231,7.533764,0.0,0.0,80,0,0,0
4,20,0.9,CO-DMO-CT,16.57729,0.771779,4.762975,2.88521,8.929105,0.6625,19,21,31,9
4,20,0.9,CO-DMO,14.861603,0.912856,3.354195,2.497444,9.009963,0.675,11,23,30,16
4,20,0.9,Offloading,24.215314,0.128319,7.351783,7.533859,9.329672,0.6875,80,0,0,0
4,20,0.9,DVS,51.329986,0.999733,43.796046,7.53394,0.0,0.0,70,8,2,0
4,20,0.9,Baseline,53.082968,0.899982,45.549109,7.533859,0.0,0.0,80,0,0,0
4,20,1.0,CO-DMO-CT,16.011741,0.840036,3.798927,2.34257,9.870245,0.7,19,24,25,12
4,20,1.0,CO-DMO,17.468592,0.996962,5.472351,2.825827,9.170414,0.6375,22,23,22,13
4,20,1.0,Offloading,25.522212,0.139013,7.881121,7.533931,10.10716,0.6875,80,0,0,0
4,20,1.0,DVS,56.34959,0.999742,48.815633,7.533957,0.0,0.0,78,2,0,0
4,20,1.0,Baseline,56.795506,0.974981,49.261575,7.533931,0.0,0.0,80,0,0,0
4,20,1.1,CO-DMO-CT,23.15749,0.997677,11.12366,3.196178,8.837652,0.55,30,20,18,12
4,20,1.1,CO-DMO,18.099336,0.998298,5.665566,3.071529,9.362241,0.65,18,20,23,19
4,20,1.1,Offloading,26.393434,0.146141,8.233969,7.533978,10.625486,0.6875,80,0,0,0
4,20,1.1,DVS,59.2955,1.024981,51.761522,7.533978,0.0,0.0,80,0,0,0
4,20,1.1,Baseline,59.2955,1.024981,51.761522,7.533978,0.0,0.0,80,0,0,0
4,30,0.1,CO-DMO-CT,2.614866,0.28939,0.578966,1.302321,0.733579,0.5875,5,12,25,38
4,30,0.1,CO-DMO,2.643951,0.157472,0.396496,1.407214,0.840241,0.675,13,15,26,26
4,30,0.1,Offloading,10.404488,0.020291,2.004387,7.533119,0.866982,0.6875,80,0,0,0
4,30,0.1,DVS,9.559578,0.799169,2.025813,7.533765,0.0,0.0,4,6,20,50
4,30,0.1,Baseline,14.720604,0.125,7.187485,7.533119,0.0,0.0,80,0,0,0
4,30,0.2,CO-DMO-CT,3.206654,0.270372,0.593244,1.266142,1.347267,0.6875,7,16,25,32
4,30,0.2,CO-DMO,3.678718,0.362075,0.922829,1.556195,1.199695,0.6125,10,12,24,34
4,30,0.2,Offloading,11.527373,0.032465,2.607015,7.533191,1.387167,0.6875,80,0,0,0
4,30,0.2,DVS,11.674501,0.998208,4.140573,7.533928,0.0,0.0,3,19,29,29
4,30,0.2,Baseline,18.433144,0.199999,10.899953,7.533191,0.0,0.0,80,0,0,0
4,30,0.3,CO-DMO-CT,5.075581,0.393897,0.81416,2.233707,2.027714,0.7,6,11,26,37
4,30,0.3,CO-DMO,4.414105,0.42055,0.857104,1.634469,1.922533,0.675,7,16,21,36
4,30,0.3,Offloading,13.024546,0.048697,3.410514,7.533286,2.080746,0.6875,80,0,0,0
4,30,0.3,DVS,15.932699,0.999227,8.398733,7.533965,0.0,0.0,9,34,26,11
4,30,0.3,Baseline,23.383182,0.299998,15.849895,7.533286,0.0,0.0,80,0,0,0
4,30,0.4,CO-DMO-CT,5.200796,0.597866,1.354916,1.283425,2.562455,0.6625,3,17,23,37
4,30,0.4,CO-DMO,5.599695,0.759089,1.235512,1.805286,2.558897,0.65,10,17,24,29
4,30,0.4,Offloading,14.521709,0.064929,4.214006,7.533382,2.774321,0.6875,80,0,0,0
4,30,0.4,DVS,20.824403,0.997416,13.29041,7.533993,0.0,0.0,21,32,25,2
4,30,0.4,Baseline,28.333184,0.399996,20.799802,7.533382,0.0,0.0,80,0,0,0
4,30,0.5,CO-DMO-CT,6.354144,0.811526,1.515793,1.546413,3.291939,0.65,10,13,23,34
4,30,0.5,CO-DMO,6.763324,0.771958,1.512969,1.96272,3.287635,0.6625,11,20,21,28
4,30,0.5,Offloading,16.01888,0.081162,5.017507,7.533477,3.467896,0.6875,80,0,0,0
4,30,0.5,DVS,26.609947,0.99454,19.075996,7.533952,0.0,0.0,36,26,17,1
4,30,0.5,Baseline,33.283201,0.499994,25.749724,7.533477,0.0,0.0,80,0,0,0
4,30,0.6,CO-DMO-CT,8.449773,0.607305,1.862332,2.433256,4.154185,0.7,14,18,29,19
4,30,0.6,CO-DMO,7.038306,0.540715,1.094065,1.631462,4.31278,0.725,12,12,28,28
4,30,0.6,Offloading,17.516031,0.097394,5.820991,7.533573,4.161467,0.6875,80,0,0,0
4,30,0.6,DVS,32.654084,0.998273,25.120164,7.533921,0.0,0.0,41,25,11,3
4,30,0.6,Baseline,38.23319,0.599992,30.699618,7.533573,0.0,0.0,80,0,0,0
4,30,0.7,CO-DMO-CT,9.452719,0.74041,2.266436,2.431074,4.75521,0.7,9,14,31,26
4,30,0.7,CO-DMO,9.033948,0.512802,1.940766,2.14448,4.948702,0.7125,14,26,24,16
4,30,0.7,Offloading,19.013179,0.113626,6.624474,7.533668,4.855037,0.6875,80,0,0,0
4,30,0.7,DVS,38.598044,0.998757,31.064122,7.533921,0.0,0.0,53,21,5,1
4,30,0.7,Baseline,43.183139,0.699989,35.649471,7.533668,0.0,0.0,80,0,0,0
4,30,0.8,CO-DMO-CT,11.243783,0.932444,3.293331,2.610044,5.340408,0.6625,14,22,21,23
4,30,0.8,CO-DMO,9.881754,0.852025,2.75459,1.729266,5.397897,0.6875,13,14,29,24
4,30,0.8,Offloading,20.51028,0.129857,7.427929,7.533764,5.548587,0.6875,80,0,0,0
4,30,0.8,DVS,44.964557,0.998647,37.43061,7.533948,0.0,0.0,62,16,2,0
4,30,0.8,Baseline,48.132995,0.799984,40.599231,7.533764,0.0,0.0,80,0,0,0
4,30,0.9,CO-DMO-CT,14.268122,0.856785,5.985583,2.551666,5.730873,0.6125,18,22,25,15
4,30,0.9,CO-DMO,12.128474,0.65998,3.374141,2.581646,6.172687,0.675,20,21,23,16
4,30,0.9,Offloading,22.007407,0.146089,8.231388,7.533859,6.24216,0.6875,80,0,0,0
4,30,0.9,DVS,51.329986,0.999733,43.796046,7.53394,0.0,0.0,70,8,2,0
4,30,0.9,Baseline,53.082968,0.899982,45.549109,7.533859,0.0,0.0,80,0,0,0
4,30,1.0,CO-DMO-CT,14.016439,0.993785,5.476661,2.449362,6.090416,0.6625,15,27,21,17
4,30,1.0,CO-DMO,12.502948,0.84073,3.243617,2.49231,6.767022,0.7,23,22,19,16
4,30,1.0,Offloading,23.130337,0.158264,8.83406,7.533931,6.762346,0.6875,80,0,0,0
4,30,1.0,DVS,56.34959,0.999742,48.815633,7.533957,0.0,0.0,78,2,0,0
4,30,1.0,Baseline,56.795506,0.974981,49.261575,7.533931,0.0,0.0,80,0,0,0
4,30,1.1,CO-DMO-CT,18.855984,0.994836,10.206189,2.661319,5.988476,0.5625,27,24,14,15
4,30,1.1,CO-DMO,13.689938,0.61453,4.032437,2.615625,7.041877,0.7,26,16,26,12
4,30,1.1,Offloading,23.878878,0.166379,9.235758,7.533978,7.109142,0.6875,80,0,0,0
4,30,1.1,DVS,59.2955,1.024981,51.761522,7.533978,0.0,0.0,80,0,0,0
4,30,1.1,Baseline,59.2955,1.024981,51.761522,7.533978,0.0,0.0,80,0,0,0
4,40,0.1,CO-DMO-CT,2.501923,0.264174,0.548591,1.391047,0.562285,0.625,10,14,26,30
4,40,0.1,CO-DMO,2.561779,0.266226,0.582124,1.40739,0.572265,0.6,13,13,22,32
4,40,0.1,Offloading,10.226578,0.021512,2.064846,7.533119,0.628613,0.675,80,0,0,0
4,40,0.1,DVS,9.559578,0.799169,2.025813,7.533765,0.0,0.0,4,6,20,50
4,40,0.1,Baseline,14.720604,0.125,7.187485,7.533119,0.0,0.0,80,0,0,0
4,40,0.2,CO-DMO-CT,3.706625,0.30876,0.636473,2.065943,1.004209,0.6875,7,15,28,30
4,40,0.2,CO-DMO,2.971623,0.244101,0.449014,1.474607,1.048001,0.7125,11,15,25,29
4,40,0.2,Offloading,11.242718,0.034419,2.703748,7.533191,1.005779,0.675,80,0,0,0
4,40,0.2,DVS,11.674501,0.998208,4.140573,7.533928,0.0,0.0,3,19,29,29
4,40,0.2,Baseline,18.433144,0.199999,10.899953,7.533191,0.0,0.0,80,0,0,0
4,40,0.3,CO-DMO-CT,4.73977,0.558372,1.543099,1.877048,1.319623,0.6,5,16,25,34
4,40,0.3,CO-DMO,4.497036,0.320382,1.075784,1.885148,1.536104,0.6875,7,23,16,34
4,40,0.3,Offloading,12.597569,0.051629,3.555619,7.533286,1.508664,0.675,80,0,0,0
4,40,0.3,DVS,15.932699,0.999227,8.398733,7.533965,0.0,0.0,9,34,26,11
4,40,0.3,Baseline,23.383182,0.299998,15.849895,7.533286,0.0,0.0,80,0,0,0
4,40,0.4,CO-DMO-CT,5.372187,0.648442,1.474212,1.929874,1.9681,0.65,11,13,27,29
4,40,0.4,CO-DMO,4.928662,0.800971,1.721262,1.363314,1.844085,0.6,9,11,27,33
4,40,0.4,Offloading,13.9524,0.068838,4.407471,7.533382,2.011547,0.675,80,0,0,0
4,40,0.4,DVS,20.824403,0.997416,13.29041,7.533993,0.0,0.0,21,32,25,2
4,40,0.4,Baseline,28.333184,0.399996,20.799802,7.533382,0.0,0.0,80,0,0,0
4,40,0.5,CO-DMO-CT,5.537392,0.40884,0.884226,1.900974,2.752193,0.7375,12,16,18,34
4,40,0.5,CO-DMO,6.067184,0.594472,1.279644,2.213788,2.573751,0.725,14,20,21,25
4,40,0.5,Offloading,15.307249,0.086047,5.259341,7.533477,2.514431,0.675,80,0,0,0
4,40,0.5,DVS,26.609947,0.99454,19.075996,7.533952,0.0,0.0,36,26,17,1
4,40,0.5,Baseline,33.283201,0.499994,25.749724,7.533477,0.0,0.0,80,0,0,0
4,40,0.6,CO-DMO-CT,6.985858,0.569352,1.60608,2.216731,3.163046,0.7,12,15,34,19
4,40,0.6,CO-DMO,7.280524,0.67569,1.717181,2.459138,3.104205,0.7,12,10,30,28
4,40,0.6,Offloading,16.66209,0.103257,6.111209,7.533573,3.017309,0.675,80,0,0,0
4,40,0.6,DVS,32.654084,0.998273,25.120164,7.533921,0.0,0.0,41,25,11,3
4,40,0.6,Baseline,38.23319,0.599992,30.699618,7.533573,0.0,0.0,80,0,0,0
4,40,0.7,CO-DMO-CT,7.378594,0.548936,1.258076,2.268807,3.851711,0.75,9,18,27,26
4,40,0.7,CO-DMO,7.853389,0.601678,1.681066,2.467442,3.704881,0.7125,16,19,25,20
4,40,0.7,Offloading,18.01688,0.120465,6.963019,7.533668,3.520193,0.675,80,0,0,0
4,40,0.7,DVS,38.598044,0.998757,31.064122,7.533921,0.0,0.0,53,21,5,1
4,40,0.7,Baseline,43.183139,0.699989,35.649471,7.533668,0.0,0.0,80,0,0,0
4,40,0.8,CO-DMO-CT,10.041955,0.995612,3.603888,2.527346,3.91072,0.6375,11,17,32,20
4,40,0.8,CO-DMO,9.449249,0.920613,2.896834,2.675749,3.876667,0.675,10,12,31,27
4,40,0.8,Offloading,19.371669,0.137674,7.81485,7.533764,4.023056,0.675,80,0,0,0
4,40,0.8,DVS,44.964557,0.998647,37.43061,7.533948,0.0,0.0,62,16,2,0
4,40,0.8,Baseline,48.132995,0.799984,40.599231,7.533764,0.0,0.0,80,0,0,0
4,40,0.9,CO-DMO-CT,11.72727,0.923372,4.426977,3.004697,4.295597,0.65,6,33,23,18
4,40,0.9,CO-DMO,9.987516,0.61008,2.83655,2.421897,4.729068,0.7,23,14,24,19
4,40,0.9,Offloading,20.726502,0.154883,8.666709,7.533859,4.525934,0.675,80,0,0,0
4,40,0.9,DVS,51.329986,0.999733,43.796046,7.53394,0.0,0.0,70,8,2,0
4,40,0.9,Baseline,53.082968,0.899982,45.549109,7.533859,0.0,0.0,80,0,0,0
4,40,1.0,CO-DMO-CT,11.853784,0.859507,4.094286,2.868841,4.890657,0.7,22,19,24,15
4,40,1.0,CO-DMO,10.112664,0.646516,3.065941,1.927971,5.118752,0.7125,16,23,22,19
4,40,1.0,Offloading,21.742665,0.167791,9.305633,7.533931,4.903102,0.675,80,0,0,0
4,40,1.0,DVS,56.34959,0.999742,48.815633,7.533957,0.0,0.0,78,2,0,0
4,40,1.0,Baseline,56.795506,0.974981,49.261575,7.533931,0.0,0.0,80,0,0,0
4,40,1.1,CO-DMO-CT,17.532932,1.002131,10.616837,2.367559,4.548536,0.575,29,13,23,15
4,40,1.1,CO-DMO,12.970443,0.680457,5.401683,2.476795,5.091965,0.675,19,23,18,20
4,40,1.1,Offloading,22.420072,0.176395,9.731547,7.533978,5.154547,0.675,80,0,0,0
4,40,1.1,DVS,59.2955,1.024981,51.761522,7.533978,0.0,0.0,80,0,0,0
4,40,1.1,Baseline,59.2955,1.024981,51.761522,7.533978,0.0,0.0,80,0,0,0
4,50,0.1,CO-DMO-CT,2.501949,0.333273,0.642173,1.431882,0.427894,0.5875,15,9,20,36
4,50,0.1,CO-DMO,2.061156,0.249653,0.56898,1.026194,0.465982,0.625,16,12,26,26
4,50,0.1,Offloading,9.801845,0.014768,1.731023,7.533119,0.537702,0.725,80,0,0,0
4,50,0.1,DVS,9.559578,0.799169,2.025813,7.533765,0.0,0.0,4,6,20,50
4,50,0.1,Baseline,14.720604,0.125,7.187485,7.533119,0.0,0.0,80,0,0,0
4,50,0.2,CO-DMO-CT,2.996966,0.269227,0.579981,1.605071,0.811915,0.675,7,19,19,35
4,50,0.2,CO-DMO,3.442733,0.385665,0.763659,1.920111,0.758963,0.625,6,24,21,29
4,50,0.2,Offloading,10.563145,0.023629,2.169633,7.533191,0.860321,0.725,80,0,0,0
4,50,0.2,DVS,11.674501,0.998208,4.140573,7.533928,0.0,0.0,3,19,29,29
4,50,0.2,Baseline,18.433144,0.199999,10.899953,7.533191,0.0,0.0,80,0,0,0
4,50,0.3,CO-DMO-CT,3.907109,0.525184,1.152379,1.594906,1.159824,0.65,9,20,13,38
4,50,0.3,CO-DMO,4.27307,0.608045,1.187916,1.96642,1.118734,0.625,9,18,18,35
4,50,0.3,Offloading,11.578208,0.035443,2.754443,7.533286,1.290479,0.725,80,0,0,0
4,50,0.3,DVS,15.932699,0.999227,8.398733,7.533965,0.0,0.0,9,34,26,11
4,50,0.3,Baseline,23.383182,0.299998,15.849895,7.533286,0.0,0.0,80,0,0,0
4,50,0.4,CO-DMO-CT,4.446088,0.317667,0.842672,1.862962,1.740455,0.7375,11,19,26,24
4,50,0.4,CO-DMO,4.825907,0.609465,1.699544,1.564365,1.561999,0.65,17,16,20,27
4,50,0.4,Offloading,12.59326,0.047257,3.339244,7.533382,1.720634,0.725,80,0,0,0
4,50,0.4,DVS,20.824403,0.997416,13.29041,7.533993,0.0,0.0,21,32,25,2
4,50,0.4,Baseline,28.333184,0.399996,20.799802,7.533382,0.0,0.0,80,0,0,0
4,50,0.5,CO-DMO-CT,5.419762,0.634558,1.275572,2.071294,2.072896,0.6875,10,15,22,33
4,50,0.5,CO-DMO,5.499615,0.767555,1.532858,2.08484,1.881917,0.65,10,19,20,31
4,50,0.5,Offloading,13.608322,0.059072,3.924055,7.533477,2.15079,0.725,80,0,0,0
4,50,0.5,DVS,26.609947,0.99454,19.075996,7.533952,0.0,0.0,36,26,17,1
4,50,0.5,Baseline,33.283201,0.499994,25.749724,7.533477,0.0,0.0,80,0,0,0
4,50,0.6,CO-DMO-CT,6.956679,0.756943,2.469615,2.142627,2.344437,0.675,13,16,28,23
4,50,0.6,CO-DMO,6.890302,0.378386,1.821127,2.492853,2.576321,0.7125,16,14,24,26
4,50,0.6,Offloading,14.623375,0.070886,4.50886,7.533573,2.580942,0.725,80,0,0,0
4,50,0.6,DVS,32.654084,0.998273,25.120164,7.533921,0.0,0.0,41,25,11,3
4,50,0.6,Baseline,38.23319,0.599992,30.699618,7.533573,0.0,0.0,80,0,0,0
4,50,0.7,CO-DMO-CT,7.286116,0.770846,2.06774,2.318622,2.899755,0.6875,8,20,29,23
4,50,0.7,CO-DMO,7.344484,0.879151,2.0426,2.40254,2.899344,0.6875,19,19,17,25
4,50,0.7,Offloading,15.638402,0.0827,5.093638,7.533668,3.011096,0.725,80,0,0,0
4,50,0.7,DVS,38.598044,0.998757,31.064122,7.533921,0.0,0.0,53,21,5,1
4,50,0.7,Baseline,43.183139,0.699989,35.649471,7.533668,0.0,0.0,80,0,0,0
4,50,0.8,CO-DMO-CT,8.02159,0.843874,2.072737,2.585707,3.363146,0.6875,14,17,25,24
4,50,0.8,CO-DMO,8.835949,0.937488,3.963696,1.82446,3.047792,0.6375,22,19,23,16
4,50,0.8,Offloading,16.653416,0.094513,5.678417,7.533764,3.441236,0.725,80,0,0,0
4,50,0.8,DVS,44.964557,0.998647,37.43061,7.533948,0.0,0.0,62,16,2,0
4,50,0.8,Baseline,48.132995,0.799984,40.599231,7.533764,0.0,0.0,80,0,0,0
4,50,0.9,CO-DMO-CT,10.703024,0.727635,4.015564,2.981846,3.705615,0.6875,20,24,18,18
4,50,0.9,CO-DMO,8.728864,0.783383,2.703191,2.262354,3.763319,0.7,16,22,21,21
4,50,0.9,Offloading,17.668427,0.106327,6.263177,7.533859,3.871391,0.725,80,0,0,0
4,50,0.9,DVS,51.329986,0.999733,43.796046,7.53394,0.0,0.0,70,8,2,0
4,50,0.9,Baseline,53.082968,0.899982,45.549109,7.533859,0.0,0.0,80,0,0,0
4,50,1.0,CO-DMO-CT,9.788072,0.952272,3.404144,2.433926,3.950001,0.6875,14,24,26,16
4,50,1.0,CO-DMO,10.060441,0.927752,4.124034,2.106799,3.829608,0.675,13,20,24,23
4,50,1.0,Offloading,18.429779,0.115189,6.701839,7.533931,4.19401,0.725,80,0,0,0
4,50,1.0,DVS,56.34959,0.999742,48.815633,7.533957,0.0,0.0,78,2,0,0
4,50,1.0,Baseline,56.795506,0.974981,49.261575,7.533931,0.0,0.0,80,0,0,0
4,50,1.1,CO-DMO-CT,16.870741,0.840276,10.344628,2.856276,3.669837,0.575,23,23,15,19
4,50,1.1,CO-DMO,13.730703,0.987387,7.365322,2.584656,3.780726,0.625,24,22,23,11
4,50,1.1,Offloading,18.937272,0.121095,6.994202,7.533978,4.409091,0.725,80,0,0,0
4,50,1.1,DVS,59.2955,1.024981,51.761522,7.533978,0.0,0.0,80,0,0,0
4,50,1.1,Baseline,59.2955,1.024981,51.761522,7.533978,0.0,0.0,80,0,0,0
4,60,0.1,CO-DMO-CT,2.788778,0.170334,0.404708,1.965476,0.418594,0.675,9,14,24,33
4,60,0.1,CO-DMO,2.164004,0.276931,0.593396,1.204625,0.365983,0.6,13,14,25,28
4,60,0.1,Offloading,9.71191,0.014674,1.726387,7.533119,0.452404,0.725,80,0,0,0
4,60,0.1,DVS,9.559578,0.799169,2.025813,7.533765,0.0,0.0,4,6,20,50
4,60,0.1,Baseline,14.720604,0.125,7.187485,7.533119,0.0,0.0,80,0,0,0
4,60,0.2,CO-DMO-CT,3.059722,0.345722,0.703086,1.702337,0.654299,0.65,12,11,25,32
4,60,0.2,CO-DMO,3.246342,0.364429,0.864412,1.749096,0.632833,0.625,17,16,22,25
4,60,0.2,Offloading,10.41925,0.023479,2.162215,7.533191,0.723844,0.725,80,0,0,0
4,60,0.2,DVS,11.674501,0.998208,4.140573,7.533928,0.0,0.0,3,19,29,29
4,60,0.2,Baseline,18.433144,0.199999,10.899953,7.533191,0.0,0.0,80,0,0,0
4,60,0.3,CO-DMO-CT,3.586177,0.33004,0.812874,1.713137,1.060166,0.725,14,15,26,25
4,60,0.3,CO-DMO,3.766984,0.469576,0.994146,1.787836,0.985002,0.6625,11,11,27,31
4,60,0.3,Offloading,11.362367,0.035219,2.743317,7.533286,1.085763,0.725,80,0,0,0
4,60,0.3,DVS,15.932699,0.999227,8.398733,7.533965,0.0,0.0,9,34,26,11
4,60,0.3,Baseline,23.383182,0.299998,15.849895,7.533286,0.0,0.0,80,0,0,0
4,60,0.4,CO-DMO-CT,3.525536,0.283212,0.658364,1.377703,1.489469,0.7625,17,17,20,26
4,60,0.4,CO-DMO,4.062193,0.450252,1.078639,1.598459,1.385095,0.6875,6,14,27,33
4,60,0.4,Offloading,12.305473,0.046958,3.32441,7.533382,1.447681,0.725,80,0,0,0
4,60,0.4,DVS,20.824403,0.997416,13.29041,7.533993,0.0,0.0,21,32,25,2
4,60,0.4,Baseline,28.333184,0.399996,20.799802,7.533382,0.0,0.0,80,0,0,0
4,60,0.5,CO-DMO-CT,5.140488,0.648964,1.376802,2.061189,1.702497,0.6875,11,12,26,31
4,60,0.5,CO-DMO,5.002321,0.501634,1.125229,2.139821,1.737271,0.7125,10,18,23,29
4,60,0.5,Offloading,13.248593,0.058697,3.905518,7.533477,1.809598,0.725,80,0,0,0
4,60,0.5,DVS,26.609947,0.99454,19.075996,7.533952,0.0,0.0,36,26,17,1
4,60,0.5,Baseline,33.283201,0.499994,25.749724,7.533477,0.0,0.0,80,0,0,0
4,60,0.6,CO-DMO-CT,5.442916,0.540625,1.047036,2.20466,2.191221,0.7375,11,8,32,29
4,60,0.6,CO-DMO,5.498941,0.598406,1.533045,1.858754,2.107142,0.7125,15,11,28,26
4,60,0.6,Offloading,14.191697,0.070437,4.486611,7.533573,2.171513,0.725,80,0,0,0
4,60,0.6,DVS,32.654084,0.998273,25.120164,7.533921,0.0,0.0,41,25,11,3
4,60,0.6,Baseline,38.23319,0.599992,30.699618,7.533573,0.0,0.0,80,0,0,0
4,60,0.7,CO-DMO-CT,7.371888,0.8256,2.661814,2.42857,2.281505,0.6625,18,19,23,20
4,60,0.7,CO-DMO,5.686142,0.61962,1.282778,1.875106,2.528258,0.725,13,21,21,25
4,60,0.7,Offloading,15.134769,0.082175,5.067671,7.533668,2.53343,0.725,80,0,0,0
4,60,0.7,DVS,38.598044,0.998757,31.064122,7.533921,0.0,0.0,53,21,5,1
4,60,0.7,Baseline,43.183139,0.699989,35.649471,7.533668,0.0,0.0,80,0,0,0
4,60,0.8,CO-DMO-CT,7.867546,0.765056,2.936058,2.187141,2.744347,0.6875,7,17,25,31
4,60,0.8,CO-DMO,7.976564,0.957593,2.921706,2.478804,2.576053,0.675,13,21,24,22
4,60,0.8,Offloading,16.077846,0.093914,5.648748,7.533764,2.895334,0.725,80,0,0,0
4,60,0.8,DVS,44.964557,0.998647,37.43061,7.533948,0.0,0.0,62,16,2,0
4,60,0.8,Baseline,48.132995,0.799984,40.599231,7.533764,0.0,0.0,80,0,0,0
4,60,0.9,CO-DMO-CT,9.775435,0.574937,3.818832,2.805236,3.151367,0.7125,18,20,27,15
4,60,0.9,CO-DMO,9.57059,0.870011,3.985747,2.582428,3.002415,0.6625,21,17,23,19
4,60,0.9,Offloading,17.02094,0.105653,6.229832,7.533859,3.257248,0.725,80,0,0,0
4,60,0.9,DVS,51.329986,0.999733,43.796046,7.53394,0.0,0.0,70,8,2,0
4,60,0.9,Baseline,53.082968,0.899982,45.549109,7.533859,0.0,0.0,80,0,0,0
4,60,1.0,CO-DMO-CT,9.684389,0.889875,3.905106,2.528511,3.250772,0.6875,19,20,25,16
4,60,1.0,CO-DMO,10.253584,0.818565,4.326849,2.625994,3.300741,0.7,22,16,26,16
4,60,1.0,Offloading,17.728301,0.114458,6.66568,7.533931,3.52869,0.725,80,0,0,0
4,60,1.0,DVS,56.34959,0.999742,48.815633,7.533957,0.0,0.0,78,2,0,0
4,60,1.0,Baseline,56.795506,0.974981,49.261575,7.533931,0.0,0.0,80,0,0,0
4,60,1.1,CO-DMO-CT,15.21835,0.95718,9.747396,2.413753,3.0572,0.5875,30,15,20,15
4,60,1.1,CO-DMO,12.594358,0.910129,7.071597,2.398278,3.124483,0.6375,24,20,25,11
4,60,1.1,Offloading,18.199842,0.120328,6.956213,7.533978,3.709651,0.725,80,0,0,0
4,60,1.1,DVS,59.2955,1.024981,51.761522,7.533978,0.0,0.0,80,0,0,0
4,60,1.1,Baseline,59.2955,1.024981,51.761522,7.533978,0.0,0.0,80,0,0,0
4,70,0.1,CO-DMO-CT,2.90444,0.188388,0.621614,1.949324,0.333501,0.6125,13,12,28,27
4,70,0.1,CO-DMO,2.405831,0.264845,0.589185,1.4959,0.320745,0.6125,13,17,21,29
4,70,0.1,Offloading,9.59182,0.013557,1.671055,7.533119,0.387646,0.725,80,0,0,0
4,70,0.1,DVS,9.559578,0.799169,2.025813,7.533765,0.0,0.0,4,6,20,50
4,70,0.1,Baseline,14.720604,0.125,7.187485,7.533119,0.0,0.0,80,0,0,0
4,70,0.2,CO-DMO-CT,3.017227,0.434656,1.047404,1.47504,0.494782,0.575,17,14,18,31
4,70,0.2,CO-DMO,2.522595,0.393098,0.702102,1.273958,0.546536,0.6375,8,13,20,39
4,70,0.2,Offloading,10.227106,0.021691,2.073683,7.533191,0.620232,0.725,80,0,0,0
4,70,0.2,DVS,11.674501,0.998208,4.140573,7.533928,0.0,0.0,3,19,29,29
4,70,0.2,Baseline,18.433144,0.199999,10.899953,7.533191,0.0,0.0,80,0,0,0
4,70,0.3,CO-DMO-CT,3.281964,0.481228,0.996788,1.464099,0.821077,0.6625,13,9,26,32
4,70,0.3,CO-DMO,3.691293,0.525476,0.993522,1.884441,0.81333,0.65,12,17,20,31
4,70,0.3,Offloading,11.074151,0.032536,2.61052,7.533286,0.930345,0.725,80,0,0,0
4,70,0.3,DVS,15.932699,0.999227,8.398733,7.533965,0.0,0.0,9,34,26,11
4,70,0.3,Baseline,23.383182,0.299998,15.849895,7.533286,0.0,0.0,80,0,0,0
4,70,0.4,CO-DMO-CT,3.662823,0.39362,0.846908,1.588765,1.22715,0.725,8,13,27,32
4,70,0.4,CO-DMO,4.450801,0.617002,1.396993,1.926311,1.127496,0.6625,10,16,24,30
4,70,0.4,Offloading,11.921186,0.043381,3.147347,7.533382,1.240457,0.725,80,0,0,0
4,70,0.4,DVS,20.824403,0.997416,13.29041,7.533993,0.0,0.0,21,32,25,2
4,70,0.4,Baseline,28.333184,0.399996,20.799802,7.533382,0.0,0.0,80,0,0,0
4,70,0.5,CO-DMO-CT,5.138539,0.715573,1.702942,2.039363,1.396234,0.6375,11,12,25,32
4,70,0.5,CO-DMO,5.215656,0.77671,1.683405,2.132325,1.399927,0.65,11,21,20,28
4,70,0.5,Offloading,12.768232,0.054226,3.684186,7.533477,1.550569,0.725,80,0,0,0
4,70,0.5,DVS,26.609947,0.99454,19.075996,7.533952,0.0,0.0,36,26,17,1
4,70,0.5,Baseline,33.283201,0.499994,25.749724,7.533477,0.0,0.0,80,0,0,0
4,70,0.6,CO-DMO-CT,5.77345,0.626996,1.264661,2.668658,1.840132,0.725,12,16,21,31
4,70,0.6,CO-DMO,4.481789,0.384732,1.063391,1.512284,1.906113,0.7375,15,15,30,20
4,70,0.6,Offloading,13.615271,0.065071,4.22102,7.533573,1.860679,0.725,80,0,0,0
4,70,0.6,DVS,32.654084,0.998273,25.120164,7.533921,0.0,0.0,41,25,11,3
4,70,0.6,Baseline,38.23319,0.599992,30.699618,7.533573,0.0,0.0,80,0,0,0
4,70,0.7,CO-DMO-CT,4.963066,0.509205,1.01648,1.714033,2.232553,0.7625,8,13,35,24
4,70,0.7,CO-DMO,5.976008,0.68444,1.435963,2.379746,2.160299,0.725,10,15,26,29
4,70,0.7,Offloading,14.462295,0.075916,4.757839,7.533668,2.170788,0.725,80,0,0,0
4,70,0.7,DVS,38.598044,0.998757,31.064122,7.533921,0.0,0.0,53,21,5,1
4,70,0.7,Baseline,43.183139,0.699989,35.649471,7.533668,0.0,0.0,80,0,0,0
4,70,0.8,CO-DMO-CT,7.634727,0.699986,2.690253,2.52307,2.421404,0.7,12,20,23,25
4,70,0.8,CO-DMO,8.00981,0.999593,3.532847,2.356837,2.120126,0.65,17,16,28,19
4,70,0.8,Offloading,15.309284,0.08676,5.294631,7.533764,2.48089,0.725,80,0,0,0
4,70,0.8,DVS,44.964557,0.998647,37.43061,7.533948,0.0,0.0,62,16,2,0
4,70,0.8,Baseline,48.132995,0.799984,40.599231,7.533764,0.0,0.0,80,0,0,0
4,70,0.9,CO-DMO-CT,9.779336,0.842744,4.433944,2.901108,2.444285,0.675,18,23,23,16
4,70,0.9,CO-DMO,8.043696,0.774123,2.713456,2.646302,2.683938,0.7,13,21,24,22
4,70,0.9,Offloading,16.156306,0.097605,5.831447,7.533859,2.791,0.725,80,0,0,0
4,70,0.9,DVS,51.329986,0.999733,43.796046,7.53394,0.0,0.0,70,8,2,0
4,70,0.9,Baseline,53.082968,0.899982,45.549109,7.533859,0.0,0.0,80,0,0,0
4,70,1.0,CO-DMO-CT,9.764134,0.998555,4.397142,2.67676,2.690232,0.675,18,25,24,13
4,70,1.0,CO-DMO,9.019855,1.000303,3.850023,2.430953,2.738878,0.675,16,25,25,14
4,70,1.0,Offloading,16.791614,0.105739,6.234096,7.533931,3.023587,0.725,80,0,0,0
4,70,1.0,DVS,56.34959,0.999742,48.815633,7.533957,0.0,0.0,78,2,0,0
4,70,1.0,Baseline,56.795506,0.974981,49.261575,7.533931,0.0,0.0,80,0,0,0
4,70,1.1,CO-DMO-CT,15.538763,0.99009,10.238109,2.700129,2.600525,0.575,26,25,17,12
4,70,1.1,CO-DMO,12.554555,0.990632,6.949507,2.883064,2.721984,0.6375,21,23,22,14
4,70,1.1,Offloading,17.215115,0.111161,6.502492,7.533978,3.178645,0.725,80,0,0,0
4,70,1.1,DVS,59.2955,1.024981,51.761522,7.533978,0.0,0.0,80,0,0,0
4,70,1.1,Baseline,59.2955,1.024981,51.761522,7.533978,0.0,0.0,80,0,0,0
4,80,0.1,CO-DMO-CT,2.454874,0.22637,0.50792,1.650362,0.296592,0.6375,9,20,20,31
4,80,0.1,CO-DMO,2.206561,0.164855,0.365209,1.520036,0.321316,0.675,10,15,27,28
4,80,0.1,Offloading,9.357489,0.009527,1.471572,7.533119,0.352798,0.7625,80,0,0,0
4,80,0.1,DVS,9.559578,0.799169,2.025813,7.533765,0.0,0.0,4,6,20,50
4,80,0.1,Baseline,14.720604,0.125,7.187485,7.533119,0.0,0.0,80,0,0,0
4,80,0.2,CO-DMO-CT,3.195599,0.407119,0.975926,1.767281,0.452391,0.6,13,15,22,30
4,80,0.2,CO-DMO,2.32418,0.177349,0.514517,1.282428,0.527236,0.7,8,11,26,35
4,80,0.2,Offloading,9.852178,0.015243,1.754512,7.533191,0.564475,0.7625,80,0,0,0
4,80,0.2,DVS,11.674501,0.998208,4.140573,7.533928,0.0,0.0,3,19,29,29
4,80,0.2,Baseline,18.433144,0.199999,10.899953,7.533191,0.0,0.0,80,0,0,0
4,80,0.3,CO-DMO-CT,3.962435,0.423395,1.145668,2.077095,0.739672,0.6625,18,13,18,31
4,80,0.3,CO-DMO,3.921353,0.396822,1.401887,1.787539,0.731927,0.6625,11,22,16,31
4,80,0.3,Offloading,10.51176,0.022864,2.131763,7.533286,0.846711,0.7625,80,0,0,0
4,80,0.3,DVS,15.932699,0.999227,8.398733,7.533965,0.0,0.0,9,34,26,11
4,80,0.3,Baseline,23.383182,0.299998,15.849895,7.533286,0.0,0.0,80,0,0,0
4,80,0.4,CO-DMO-CT,3.778037,0.419212,0.814655,1.905921,1.057462,0.725,5,13,23,39
4,80,0.4,CO-DMO,3.773489,0.513762,0.951712,1.789299,1.032478,0.6875,11,20,18,31
4,80,0.4,Offloading,11.171333,0.030485,2.509006,7.533382,1.128945,0.7625,80,0,0,0
4,80,0.4,DVS,20.824403,0.997416,13.29041,7.533993,0.0,0.0,21,32,25,2
4,80,0.4,Baseline,28.333184,0.399996,20.799802,7.533382,0.0,0.0,80,0,0,0
4,80,0.5,CO-DMO-CT,4.29347,0.573192,1.264847,1.729613,1.29901,0.7,17,11,23,29
4,80,0.5,CO-DMO,4.969283,0.622344,1.463776,2.236549,1.268958,0.675,18,14,19,29
4,80,0.5,Offloading,11.830915,0.038106,2.886258,7.533477,1.411179,0.7625,80,0,0,0
4,80,0.5,DVS,26.609947,0.99454,19.075996,7.533952,0.0,0.0,36,26,17,1
4,80,0.5,Baseline,33.283201,0.499994,25.749724,7.533477,0.0,0.0,80,0,0,0
4,80,0.6,CO-DMO-CT,5.048276,0.66125,1.248377,2.206441,1.593458,0.7125,13,7,27,33
4,80,0.6,CO-DMO,4.935908,0.428527,1.402409,1.924718,1.608781,0.7375,12,19,24,25
4,80,0.6,Offloading,12.490496,0.045728,3.263512,7.533573,1.693411,0.7625,80,0,0,0
4,80,0.6,DVS,32.654084,0.998273,25.120164,7.533921,0.0,0.0,41,25,11,3
4,80,0.6,Baseline,38.23319,0.599992,30.699618,7.533573,0.0,0.0,80,0,0,0
4,80,0.7,CO-DMO-CT,6.024988,0.470054,1.758855,2.379563,1.88657,0.725,13,12,31,24
4,80,0.7,CO-DMO,5.667078,0.589926,1.752103,2.100389,1.814586,0.7125,12,16,28,24
4,80,0.7,Offloading,13.150047,0.053348,3.640736,7.533668,1.975644,0.7625,80,0,0,0
4,80,0.7,DVS,38.598044,0.998757,31.064122,7.533921,0.0,0.0,53,21,5,1
4,80,0.7,Baseline,43.183139,0.699989,35.649471,7.533668,0.0,0.0,80,0,0,0
4,80,0.8,CO-DMO-CT,7.546165,0.871692,3.289718,2.270514,1.985933,0.6625,11,18,30,21
4,80,0.8,CO-DMO,7.688378,0.865849,3.766628,2.0068,1.91495,0.65,11,15,30,24
4,80,0.8,Offloading,13.809576,0.060969,4.017944,7.533764,2.257869,0.7625,80,0,0,0
4,80,0.8,DVS,44.964557,0.998647,37.43061,7.533948,0.0,0.0,62,16,2,0
4,80,0.8,Baseline,48.132995,0.799984,40.599231,7.533764,0.0,0.0,80,0,0,0
4,80,0.9,CO-DMO-CT,8.563546,0.865665,3.612686,2.626031,2.324829,0.7,9,27,18,26
4,80,0.9,CO-DMO,8.409555,0.841153,3.311066,2.812751,2.285739,0.675,21,18,22,19
4,80,0.9,Offloading,14.469139,0.068589,4.395179,7.533859,2.540101,0.7625,80,0,0,0
4,80,0.9,DVS,51.329986,0.999733,43.796046,7.53394,0.0,0.0,70,8,2,0
4,80,0.9,Baseline,53.082968,0.899982,45.549109,7.533859,0.0,0.0,80,0,0,0
4,80,1.0,CO-DMO-CT,11.207482,0.956881,5.815462,3.080147,2.311873,0.6375,19,22,24,15
4,80,1.0,CO-DMO,9.080254,0.544137,3.496569,3.000313,2.583372,0.7125,21,23,19,17
4,80,1.0,Offloading,14.963849,0.074306,4.67814,7.533931,2.751779,0.7625,80,0,0,0
4,80,1.0,DVS,56.34959,0.999742,48.815633,7.533957,0.0,0.0,78,2,0,0
4,80,1.0,Baseline,56.795506,0.974981,49.261575,7.533931,0.0,0.0,80,0,0,0
4,80,1.1,CO-DMO-CT,13.150467,0.771514,8.13413,2.628428,2.387909,0.625,20,22,22,16
4,80,1.1,CO-DMO,9.272552,0.899211,3.910552,2.777369,2.584631,0.6875,20,21,24,15
4,80,1.1,Offloading,15.293628,0.078116,4.866752,7.533978,2.892898,0.7625,80,0,0,0
4,80,1.1,DVS,59.2955,1.024981,51.761522,7.533978,0.0,0.0,80,0,0,0
4,80,1.1,Baseline,59.2955,1.024981,51.761522,7.533978,0.0,0.0,80,0,0,0
4,90,0.1,CO-DMO-CT,2.429946,0.233658,0.672037,1.496788,0.261122,0.625,9,10,25,36
4,90,0.1,CO-DMO,2.26794,0.25088,0.488947,1.520108,0.258885,0.625,8,15,25,32
4,90,0.1,Offloading,9.949573,0.023014,2.139196,7.533119,0.277258,0.675,80,0,0,0
4,90,0.1,DVS,9.559578,0.799169,2.025813,7.533765,0.0,0.0,4,6,20,50
4,90,0.1,Baseline,14.720604,0.125,7.187485,7.533119,0.0,0.0,80,0,0,0
4,90,0.2,CO-DMO-CT,2.704104,0.241568,0.591426,1.651802,0.460876,0.6875,7,26,20,27
4,90,0.2,CO-DMO,3.103036,0.391709,0.890946,1.799337,0.412752,0.6125,8,14,19,39
4,90,0.2,Offloading,10.799511,0.036822,2.822709,7.533191,0.443611,0.675,80,0,0,0
4,90,0.2,DVS,11.674501,0.998208,4.140573,7.533928,0.0,0.0,3,19,29,29
4,90,0.2,Baseline,18.433144,0.199999,10.899953,7.533191,0.0,0.0,80,0,0,0
4,90,0.3,CO-DMO-CT,2.73236,0.282307,0.693611,1.325626,0.713123,0.725,9,17,22,32
4,90,0.3,CO-DMO,3.212893,0.451133,0.766648,1.765727,0.680518,0.6875,5,12,19,44
4,90,0.3,Offloading,11.932759,0.055233,3.734058,7.533286,0.665415,0.675,80,0,0,0
4,90,0.3,DVS,15.932699,0.999227,8.398733,7.533965,0.0,0.0,9,34,26,11
4,90,0.3,Baseline,23.383182,0.299998,15.849895,7.533286,0.0,0.0,80,0,0,0
4,90,0.4,CO-DMO-CT,3.731589,0.438672,1.057921,1.7435,0.930168,0.7125,11,9,26,34
4,90,0.4,CO-DMO,3.805097,0.539035,1.257893,1.644636,0.902568,0.6875,7,19,29,25
4,90,0.4,Offloading,13.06599,0.073644,4.64539,7.533382,0.887218,0.675,80,0,0,0
4,90,0.4,DVS,20.824403,0.997416,13.29041,7.533993,0.0,0.0,21,32,25,2
4,90,0.4,Baseline,28.333184,0.399996,20.799802,7.533382,0.0,0.0,80,0,0,0
4,90,0.5,CO-DMO-CT,4.055713,0.330644,0.83792,1.99827,1.219523,0.75,10,15,23,32
4,90,0.5,CO-DMO,4.447671,0.593429,1.304967,1.980859,1.161845,0.7,6,17,28,29
4,90,0.5,Offloading,14.19923,0.092055,5.556731,7.533477,1.109022,0.675,80,0,0,0
4,90,0.5,DVS,26.609947,0.99454,19.075996,7.533952,0.0,0.0,36,26,17,1
4,90,0.5,Baseline,33.283201,0.499994,25.749724,7.533477,0.0,0.0,80,0,0,0
4,90,0.6,CO-DMO-CT,5.569227,0.446108,1.590297,2.535618,1.443312,0.725,10,16,22,32
4,90,0.6,CO-DMO,5.413631,0.499983,1.772727,2.249005,1.391899,0.7,15,19,21,25
4,90,0.6,Offloading,15.33248,0.110466,6.468085,7.533573,1.330822,0.675,80,0,0,0
4,90,0.6,DVS,32.654084,0.998273,25.120164,7.533921,0.0,0.0,41,25,11,3
4,90,0.6,Baseline,38.23319,0.599992,30.699618,7.533573,0.0,0.0,80,0,0,0
4,90,0.7,CO-DMO-CT,5.767766,0.711616,1.851423,2.293038,1.623305,0.7,12,13,29,26
4,90,0.7,CO-DMO,5.004447,0.243649,1.299978,1.950081,1.754388,0.775,19,20,22,19
4,90,0.7,Offloading,16.465689,0.128877,7.379397,7.533668,1.552624,0.675,80,0,0,0
4,90,0.7,DVS,38.598044,0.998757,31.064122,7.533921,0.0,0.0,53,21,5,1
4,90,0.7,Baseline,43.183139,0.699989,35.649471,7.533668,0.0,0.0,80,0,0,0
4,90,0.8,CO-DMO-CT,6.274284,0.769884,2.439135,1.971517,1.863632,0.7,16,19,23,22
4,90,0.8,CO-DMO,7.190481,0.851381,2.907807,2.550299,1.732375,0.6625,9,22,25,24
4,90,0.8,Offloading,17.598877,0.147287,8.290694,7.533764,1.774419,0.675,80,0,0,0
4,90,0.8,DVS,44.964557,0.998647,37.43061,7.533948,0.0,0.0,62,16,2,0
4,90,0.8,Baseline,48.132995,0.799984,40.599231,7.533764,0.0,0.0,80,0,0,0
4,90,0.9,CO-DMO-CT,8.69039,0.844571,4.166677,2.516776,2.006937,0.675,26,16,22,16
4,90,0.9,CO-DMO,8.28559,0.63668,3.339477,2.870272,2.07584,0.6875,17,18,25,20
4,90,0.9,Offloading,18.732098,0.165697,9.202018,7.533859,1.996221,0.675,80,0,0,0
4,90,0.9,DVS,51.329986,0.999733,43.796046,7.53394,0.0,0.0,70,8,2,0
4,90,0.9,Baseline,53.082968,0.899982,45.549109,7.533859,0.0,0.0,80,0,0,0
4,90,1.0,CO-DMO-CT,8.804308,0.968337,3.917838,2.729604,2.156866,0.6875,16,28,22,14
4,90,1.0,CO-DMO,8.150079,0.747169,3.486679,2.395737,2.267664,0.7,5,27,28,20
4,90,1.0,Offloading,19.582056,0.179506,9.88555,7.533931,2.162575,0.675,80,0,0,0
4,90,1.0,DVS,56.34959,0.999742,48.815633,7.533957,0.0,0.0,78,2,0,0
4,90,1.0,Baseline,56.795506,0.974981,49.261575,7.533931,0.0,0.0,80,0,0,0
4,90,1.1,CO-DMO-CT,12.325178,0.97567,7.492532,2.711717,2.120929,0.625,21,25,21,13
4,90,1.1,CO-DMO,11.126554,0.998431,5.98539,3.015399,2.125765,0.625,21,18,28,13
4,90,1.1,Offloading,20.148651,0.188711,10.341194,7.533978,2.273478,0.675,80,0,0,0
4,90,1.1,DVS,59.2955,1.024981,51.761522,7.533978,0.0,0.0,80,0,0,0
4,90,1.1,Baseline,59.2955,1.024981,51.761522,7.533978,0.0,0.0,80,0,0,0
4,100,0.1,CO-DMO-CT,2.242164,0.238944,0.585552,1.423407,0.233205,0.625,9,17,22,32
4,100,0.1,CO-DMO,2.137974,0.135867,0.354504,1.521159,0.262311,0.7,11,13,23,33
4,100,0.1,Offloading,9.646771,0.017213,1.852029,7.533119,0.261623,0.7,80,0,0,0
4,100,0.1,DVS,9.559578,0.799169,2.025813,7.533765,0.0,0.0,4,6,20,50
4,100,0.1,Baseline,14.720604,0.125,7.187485,7.533119,0.0,0.0,80,0,0,0
4,100,0.2,CO-DMO-CT,2.616034,0.263192,0.674916,1.540095,0.401023,0.675,6,15,29,30
4,100,0.2,CO-DMO,3.210445,0.347529,0.969988,1.872158,0.368299,0.625,12,14,21,33
4,100,0.2,Offloading,10.315029,0.02754,2.363242,7.533191,0.418596,0.7,80,0,0,0
4,100,0.2,DVS,11.674501,0.998208,4.140573,7.533928,0.0,0.0,3,19,29,29
4,100,0.2,Baseline,18.433144,0.199999,10.899953,7.533191,0.0,0.0,80,0,0,0
4,100,0.3,CO-DMO-CT,3.096716,0.418372,0.833205,1.642125,0.621387,0.7,11,15,21,33
4,100,0.3,CO-DMO,3.563842,0.465833,1.028631,1.948826,0.586385,0.65,12,17,19,32
4,100,0.3,Offloading,11.206035,0.04131,3.044856,7.533286,0.627892,0.7,80,0,0,0
4,100,0.3,DVS,15.932699,0.999227,8.398733,7.533965,0.0,0.0,9,34,26,11
4,100,0.3,Baseline,23.383182,0.299998,15.849895,7.533286,0.0,0.0,80,0,0,0
4,100,0.4,CO-DMO-CT,4.022763,0.538628,1.216589,2.018008,0.788166,0.6625,7,14,27,32
4,100,0.4,CO-DMO,4.279626,0.87343,1.900798,1.660889,0.717939,0.5875,17,13,25,25
4,100,0.4,Offloading,12.097033,0.05508,3.726464,7.533382,0.837188,0.7,80,0,0,0
4,100,0.4,DVS,20.824403,0.997416,13.29041,7.533993,0.0,0.0,21,32,25,2
4,100,0.4,Baseline,28.333184,0.399996,20.799802,7.533382,0.0,0.0,80,0,0,0
4,100,0.5,CO-DMO-CT,4.852407,0.762116,1.597041,2.272608,0.982758,0.65,11,11,21,37
4,100,0.5,CO-DMO,4.697452,0.5048,1.427726,2.233812,1.035915,0.7125,15,13,25,27
4,100,0.5,Offloading,12.988032,0.06885,4.408071,7.533477,1.046484,0.7,80,0,0,0
4,100,0.5,DVS,26.609947,0.99454,19.075996,7.533952,0.0,0.0,36,26,17,1
4,100,0.5,Baseline,33.283201,0.499994,25.749724,7.533477,0.0,0.0,80,0,0,0
4,100,0.6,CO-DMO-CT,5.433029,0.702771,1.71735,2.47489,1.240789,0.7,14,18,19,29
4,100,0.6,CO-DMO,4.666203,0.470501,1.384497,1.993231,1.288476,0.7125,11,11,28,30
4,100,0.6,Offloading,13.879045,0.08262,5.089696,7.533573,1.255777,0.7,80,0,0,0
4,100,0.6,DVS,32.654084,0.998273,25.120164,7.533921,0.0,0.0,41,25,11,3
4,100,0.6,Baseline,38.23319,0.599992,30.699618,7.533573,0.0,0.0,80,0,0,0
4,100,0.7,CO-DMO-CT,5.382426,0.743677,1.873512,2.026709,1.482205,0.7,20,13,20,27
4,100,0.7,CO-DMO,5.423003,0.746522,1.691679,2.267953,1.463371,0.7,18,17,21,24
4,100,0.7,Offloading,14.770015,0.096389,5.771275,7.533668,1.465071,0.7,80,0,0,0
4,100,0.7,DVS,38.598044,0.998757,31.064122,7.533921,0.0,0.0,53,21,5,1
4,100,0.7,Baseline,43.183139,0.699989,35.649471,7.533668,0.0,0.0,80,0,0,0
4,100,0.8,CO-DMO-CT,6.795803,0.765199,2.998476,2.131562,1.665764,0.6875,11,24,25,20
4,100,0.8,CO-DMO,6.623431,0.764573,2.679151,2.281933,1.662347,0.7,16,17,24,23
4,100,0.8,Offloading,15.660969,0.110159,6.452846,7.533764,1.674359,0.7,80,0,0,0
4,100,0.8,DVS,44.964557,0.998647,37.43061,7.533948,0.0,0.0,62,16,2,0
4,100,0.8,Baseline,48.132995,0.799984,40.599231,7.533764,0.0,0.0,80,0,0,0
4,100,0.9,CO-DMO-CT,9.785783,0.72166,5.266102,2.771925,1.747755,0.65,13,26,27,14
4,100,0.9,CO-DMO,6.507512,0.636539,1.951363,2.657967,1.898181,0.725,21,20,16,23
4,100,0.9,Offloading,16.551954,0.123928,7.134442,7.533859,1.883653,0.7,80,0,0,0
4,100,0.9,DVS,51.329986,0.999733,43.796046,7.53394,0.0,0.0,70,8,2,0
4,100,0.9,Baseline,53.082968,0.899982,45.549109,7.533859,0.0,0.0,80,0,0,0
4,100,1.0,CO-DMO-CT,8.522587,0.730078,3.8879,2.652367,1.98232,0.7125,16,26,20,18
4,100,1.0,CO-DMO,9.421589,0.814849,4.790484,2.712374,1.91873,0.675,17,22,25,16
4,100,1.0,Offloading,17.220229,0.134256,7.645672,7.533931,2.040627,0.7,80,0,0,0
4,100,1.0,DVS,56.34959,0.999742,48.815633,7.533957,0.0,0.0,78,2,0,0
4,100,1.0,Baseline,56.795506,0.974981,49.261575,7.533931,0.0,0.0,80,0,0,0
4,100,1.1,CO-DMO-CT,13.193546,0.920624,8.271811,3.012502,1.909233,0.6125,18,24,22,16
4,100,1.1,CO-DMO,9.462156,0.752824,4.706126,2.711082,2.044948,0.675,30,17,24,9
4,100,1.1,Offloading,17.665696,0.14114,7.986441,7.533978,2.145277,0.7,80,0,0,0
4,100,1.1,DVS,59.2955,1.024981,51.761522,7.533978,0.0,0.0,80,0,0,0
4,100,1.1,Baseline,59.2955,1.024981,51.761522,7.533978,0.0,0.0,80,0,0,0
4,110,0.1,CO-DMO-CT,2.389998,0.263816,0.712285,1.479861,0.197852,0.6,8,16,31,25
4,110,0.1,CO-DMO,2.253217,0.168123,0.400203,1.624977,0.228037,0.6625,13,15,25,27
4,110,0.1,Offloading,9.419115,0.012916,1.63935,7.533119,0.246645,0.7375,80,0,0,0
4,110,0.1,DVS,9.559578,0.799169,2.025813,7.533765,0.0,0.0,4,6,20,50
4,110,0.1,Baseline,14.720604,0.125,7.187485,7.533119,0.0,0.0,80,0,0,0
4,110,0.2,CO-DMO-CT,2.766939,0.380571,0.865954,1.555659,0.345326,0.625,14,17,18,31
4,110,0.2,CO-DMO,3.029852,0.33498,0.794885,1.888827,0.346141,0.6375,12,9,23,36
4,110,0.2,Offloading,9.950778,0.020666,2.022955,7.533191,0.394632,0.7375,80,0,0,0
4,110,0.2,DVS,11.674501,0.998208,4.140573,7.533928,0.0,0.0,3,19,29,29
4,110,0.2,Baseline,18.433144,0.199999,10.899953,7.533191,0.0,0.0,80,0,0,0
4,110,0.3,CO-DMO-CT,3.676408,0.367182,1.118403,2.012583,0.545421,0.6625,5,18,31,26
4,110,0.3,CO-DMO,3.64812,0.453944,1.03605,2.079841,0.53223,0.65,11,9,20,40
4,110,0.3,Offloading,10.659661,0.030999,2.534428,7.533286,0.591946,0.7375,80,0,0,0
4,110,0.3,DVS,15.932699,0.999227,8.398733,7.533965,0.0,0.0,9,34,26,11
4,110,0.3,Baseline,23.383182,0.299998,15.849895,7.533286,0.0,0.0,80,0,0,0
4,110,0.4,CO-DMO-CT,3.619026,0.511933,1.135108,1.741051,0.742867,0.7,7,24,23,26
4,110,0.4,CO-DMO,3.556774,0.63708,1.151084,1.679805,0.725884,0.675,12,12,19,37
4,110,0.4,Offloading,11.368531,0.041331,3.04589,7.533382,0.78926,0.7375,80,0,0,0
4,110,0.4,DVS,20.824403,0.997416,13.29041,7.533993,0.0,0.0,21,32,25,2
4,110,0.4,Baseline,28.333184,0.399996,20.799802,7.533382,0.0,0.0,80,0,0,0
4,110,0.5,CO-DMO-CT,4.10116,0.536659,1.321268,1.82949,0.950402,0.7,8,22,24,26
4,110,0.5,CO-DMO,4.5127,0.614139,1.831751,1.778648,0.902301,0.6625,10,14,31,25
4,110,0.5,Offloading,12.07741,0.051664,3.557359,7.533477,0.986573,0.7375,80,0,0,0
4,110,0.5,DVS,26.609947,0.99454,19.075996,7.533952,0.0,0.0,36,26,17,1
4,110,0.5,Baseline,33.283201,0.499994,25.749724,7.533477,0.0,0.0,80,0,0,0
4,110,0.6,CO-DMO-CT,5.605163,0.609031,1.93309,2.539823,1.13225,0.6875,14,13,29,24
4,110,0.6,CO-DMO,4.546162,0.725892,1.378933,2.026471,1.140758,0.7125,12,8,31,29
4,110,0.6,Offloading,12.786294,0.061997,4.068837,7.533573,1.183885,0.7375,80,0,0,0
4,110,0.6,DVS,32.654084,0.998273,25.120164,7.533921,0.0,0.0,41,25,11,3
4,110,0.6,Baseline,38.23319,0.599992,30.699618,7.533573,0.0,0.0,80,0,0,0
4,110,0.7,CO-DMO-CT,5.307393,0.749444,1.890305,2.080974,1.336114,0.7,16,19,25,20
4,110,0.7,CO-DMO,6.037812,0.770924,1.90485,2.817602,1.31536,0.7,12,20,23,25
4,110,0.7,Offloading,13.495144,0.072329,4.580278,7.533668,1.381198,0.7375,80,0,0,0
4,110,0.7,DVS,38.598044,0.998757,31.064122,7.533921,0.0,0.0,53,21,5,1
4,110,0.7,Baseline,43.183139,0.699989,35.649471,7.533668,0.0,0.0,80,0,0,0
4,110,0.8,CO-DMO-CT,6.502703,0.809758,2.798031,2.214766,1.489906,0.6875,9,23,28,20
4,110,0.8,CO-DMO,6.019417,0.6677,2.153786,2.366899,1.498731,0.7,8,23,22,27
4,110,0.8,Offloading,14.203972,0.082661,5.091704,7.533764,1.578505,0.7375,80,0,0,0
4,110,0.8,DVS,44.964557,0.998647,37.43061,7.533948,0.0,0.0,62,16,2,0
4,110,0.8,Baseline,48.132995,0.799984,40.599231,7.533764,0.0,0.0,80,0,0,0
4,110,0.9,CO-DMO-CT,8.487108,0.933614,4.511242,2.361002,1.614864,0.6625,13,30,25,12
4,110,0.9,CO-DMO,6.791067,0.897587,2.701079,2.387509,1.702479,0.7,18,22,16,24
4,110,0.9,Offloading,14.912828,0.092993,5.603152,7.533859,1.775817,0.7375,80,0,0,0
4,110,0.9,DVS,51.329986,0.999733,43.796046,7.53394,0.0,0.0,70,8,2,0
4,110,0.9,Baseline,53.082968,0.899982,45.549109,7.533859,0.0,0.0,80,0,0,0
4,110,1.0,CO-DMO-CT,7.631978,1.000367,3.29604,2.533117,1.802821,0.6875,9,22,30,19
4,110,1.0,CO-DMO,7.254349,0.879938,2.650578,2.740886,1.862885,0.7125,19,17,22,22
4,110,1.0,Offloading,15.444502,0.100743,5.986767,7.533931,1.923805,0.7375,80,0,0,0
4,110,1.0,DVS,56.34959,0.999742,48.815633,7.533957,0.0,0.0,78,2,0,0
4,110,1.0,Baseline,56.795506,0.974981,49.261575,7.533931,0.0,0.0,80,0,0,0
4,110,1.1,CO-DMO-CT,11.016957,0.844435,6.469643,2.735976,1.811338,0.65,23,18,21,18
4,110,1.1,CO-DMO,11.03121,0.959959,6.426838,2.848742,1.75563,0.625,23,20,28,9
4,110,1.1,Offloading,15.79896,0.105909,6.24252,7.533978,2.022461,0.7375,80,0,0,0
4,110,1.1,DVS,59.2955,1.024981,51.761522,7.533978,0.0,0.0,80,0,0,0
4,110,1.1,Baseline,59.2955,1.024981,51.761522,7.533978,0.0,0.0,80,0,0,0
4,120,0.1,CO-DMO-CT,2.532279,0.335954,0.706928,1.649585,0.175767,0.55,8,27,17,28
4,120,0.1,CO-DMO,2.877586,0.318746,0.746057,1.957771,0.173758,0.5375,8,12,25,35
4,120,0.1,Offloading,9.65762,0.018322,1.906931,7.533119,0.21757,0.7,80,0,0,0
4,120,0.1,DVS,9.559578,0.799169,2.025813,7.533765,0.0,0.0,4,6,20,50
4,120,0.1,Baseline,14.720604,0.125,7.187485,7.533119,0.0,0.0,80,0,0,0
4,120,0.2,CO-DMO-CT,2.89617,0.295915,0.59565,1.968561,0.331959,0.6625,4,21,22,33
4,120,0.2,CO-DMO,2.687239,0.294947,0.584193,1.774185,0.32886,0.6625,2,18,30,30
4,120,0.2,Offloading,10.332386,0.029315,2.451084,7.533191,0.348111,0.7,80,0,0,0
4,120,0.2,DVS,11.674501,0.998208,4.140573,7.533928,0.0,0.0,3,19,29,29
4,120,0.2,Baseline,18.433144,0.199999,10.899953,7.533191,0.0,0.0,80,0,0,0
4,120,0.3,CO-DMO-CT,3.403109,0.478941,1.148894,1.763094,0.491121,0.65,11,12,24,33
4,120,0.3,CO-DMO,3.010268,0.244025,0.591284,1.876371,0.542613,0.7375,6,17,27,30
4,120,0.3,Offloading,11.232071,0.043972,3.176619,7.533286,0.522166,0.7,80,0,0,0
4,120,0.3,DVS,15.932699,0.999227,8.398733,7.533965,0.0,0.0,9,34,26,11
4,120,0.3,Baseline,23.383182,0.299998,15.849895,7.533286,0.0,0.0,80,0,0,0
4,120,0.4,CO-DMO-CT,4.01914,0.556118,1.130406,2.204461,0.684273,0.6875,16,13,16,35
4,120,0.4,CO-DMO,3.665462,0.52952,1.265946,1.727919,0.671597,0.675,11,21,18,30
4,120,0.4,Offloading,12.131748,0.058629,3.902147,7.533382,0.696219,0.7,80,0,0,0
4,120,0.4,DVS,20.824403,0.997416,13.29041,7.533993,0.0,0.0,21,32,25,2
4,120,0.4,Baseline,28.333184,0.399996,20.799802,7.533382,0.0,0.0,80,0,0,0
4,120,0.5,CO-DMO-CT,4.347584,0.44721,1.263707,2.189614,0.894263,0.725,11,20,18,31
4,120,0.5,CO-DMO,4.002881,0.721655,1.466703,1.704122,0.832057,0.6625,10,19,30,21
4,120,0.5,Offloading,13.031431,0.073286,4.627681,7.533477,0.870273,0.7,80,0,0,0
4,120,0.5,DVS,26.609947,0.99454,19.075996,7.533952,0.0,0.0,36,26,17,1
4,120,0.5,Baseline,33.283201,0.499994,25.749724,7.533477,0.0,0.0,80,0,0,0
4,120,0.6,CO-DMO-CT,5.275954,0.824997,1.938182,2.354303,0.98347,0.6875,15,16,19,30
4,120,0.6,CO-DMO,4.864964,0.535892,1.641801,2.175523,1.04764,0.7,15,13,29,23
4,120,0.6,Offloading,13.931103,0.087944,5.353205,7.533573,1.044325,0.7,80,0,0,0
4,120,0.6,DVS,32.654084,0.998273,25.120164,7.533921,0.0,0.0,41,25,11,3
4,120,0.6,Baseline,38.23319,0.599992,30.699618,7.533573,0.0,0.0,80,0,0,0
4,120,0.7,CO-DMO-CT,4.574978,0.52388,1.474668,1.83557,1.264741,0.725,10,12,33,25
4,120,0.7,CO-DMO,5.670723,0.648934,1.928089,2.524092,1.218543,0.7,9,21,25,25
4,120,0.7,Offloading,14.83076,0.1026,6.078713,7.533668,1.218378,0.7,80,0,0,0
4,120,0.7,DVS,38.598044,0.998757,31.064122,7.533921,0.0,0.0,53,21,5,1
4,120,0.7,Baseline,43.183139,0.699989,35.649471,7.533668,0.0,0.0,80,0,0,0
4,120,0.8,CO-DMO-CT,6.633541,0.857532,2.515675,2.743072,1.374794,0.6875,13,14,26,27
4,120,0.8,CO-DMO,5.817193,0.529941,1.869535,2.528613,1.419045,0.725,10,17,33,20
4,120,0.8,Offloading,15.730411,0.117257,6.804223,7.533764,1.392425,0.7,80,0,0,0
4,120,0.8,DVS,44.964557,0.998647,37.43061,7.533948,0.0,0.0,62,16,2,0
4,120,0.8,Baseline,48.132995,0.799984,40.599231,7.533764,0.0,0.0,80,0,0,0
4,120,0.9,CO-DMO-CT,8.954838,0.75598,5.136651,2.331165,1.487023,0.6625,14,28,20,18
4,120,0.9,CO-DMO,7.932096,1.000312,4.142359,2.323945,1.465792,0.6375,16,18,29,17
4,120,0.9,Offloading,16.630057,0.131914,7.52972,7.533859,1.566478,0.7,80,0,0,0
4,120,0.9,DVS,51.329986,0.999733,43.796046,7.53394,0.0,0.0,70,8,2,0
4,120,0.9,Baseline,53.082968,0.899982,45.549109,7.533859,0.0,0.0,80,0,0,0
4,120,1.0,CO-DMO-CT,8.179345,0.803199,4.338585,2.169623,1.671137,0.7,27,20,17,16
4,120,1.0,CO-DMO,7.892321,0.862875,3.815197,2.446805,1.630319,0.6875,23,18,25,14
4,120,1.0,Offloading,17.304873,0.142908,8.073923,7.533931,1.697019,0.7,80,0,0,0
4,120,1.0,DVS,56.34959,0.999742,48.815633,7.533957,0.0,0.0,78,2,0,0
4,120,1.0,Baseline,56.795506,0.974981,49.261575,7.533931,0.0,0.0,80,0,0,0
4,120,1.1,CO-DMO-CT,12.066186,0.950472,7.938699,2.511671,1.615816,0.625,26,15,19,20
4,120,1.1,CO-DMO,10.484243,0.929937,6.343487,2.533342,1.607414,0.6375,25,21,27,7
4,120,1.1,Offloading,17.75466,0.150235,8.436634,7.533978,1.784048,0.7,80,0,0,0
4,120,1.1,DVS,59.2955,1.024981,51.761522,7.533978,0.0,0.0,80,0,0,0
4,120,1.1,Baseline,59.2955,1.024981,51.761522,7.533978,0.0,0.0,80,0,0,0
4,130,0.1,CO-DMO-CT,1.968366,0.153483,0.395415,1.374384,0.198567,0.6875,13,17,22,28
4,130,0.1,CO-DMO,2.266845,0.211901,0.496561,1.584925,0.185359,0.65,11,15,20,34
4,130,0.1,Offloading,9.640884,0.018322,1.906931,7.533119,0.200834,0.7,80,0,0,0
4,130,0.1,DVS,9.559578,0.799169,2.025813,7.533765,0.0,0.0,4,6,20,50
4,130,0.1,Baseline,14.720604,0.125,7.187485,7.533119,0.0,0.0,80,0,0,0
4,130,0.2,CO-DMO-CT,2.535977,0.347773,0.888938,1.362789,0.284251,0.6375,7,19,22,32
4,130,0.2,CO-DMO,2.27896,0.226202,0.65334,1.313302,0.312318,0.675,6,17,29,28
4,130,0.2,Offloading,10.305608,0.029315,2.451084,7.533191,0.321334,0.7,80,0,0,0
4,130,0.2,DVS,11.674501,0.998208,4.140573,7.533928,0.0,0.0,3,19,29,29
4,130,0.2,Baseline,18.433144,0.199999,10.899953,7.533191,0.0,0.0,80,0,0,0
4,130,0.3,CO-DMO-CT,2.873744,0.334219,0.72151,1.668064,0.48417,0.7,6,18,22,34
4,130,0.3,CO-DMO,3.957722,0.781615,1.625719,1.967143,0.36486,0.5625,6,17,21,36
4,130,0.3,Offloading,11.191905,0.043972,3.176619,7.533286,0.481999,0.7,80,0,0,0
4,130,0.3,DVS,15.932699,0.999227,8.398733,7.533965,0.0,0.0,9,34,26,11
4,130,0.3,Baseline,23.383182,0.299998,15.849895,7.533286,0.0,0.0,80,0,0,0
4,130,0.4,CO-DMO-CT,3.435409,0.6278,1.348577,1.476882,0.60995,0.6625,9,11,29,31
4,130,0.4,CO-DMO,3.817394,0.632272,1.565414,1.647844,0.604137,0.6625,4,15,22,39
4,130,0.4,Offloading,12.078193,0.058629,3.902147,7.533382,0.642664,0.7,80,0,0,0
4,130,0.4,DVS,20.824403,0.997416,13.29041,7.533993,0.0,0.0,21,32,25,2
4,130,0.4,Baseline,28.333184,0.399996,20.799802,7.533382,0.0,0.0,80,0,0,0
4,130,0.5,CO-DMO-CT,3.539539,0.437153,0.944248,1.772159,0.823132,0.7375,11,12,29,28
4,130,0.5,CO-DMO,4.192909,0.516551,1.073743,2.314423,0.804743,0.7,5,14,26,35
4,130,0.5,Offloading,12.964487,0.073286,4.627681,7.533477,0.803329,0.7,80,0,0,0
4,130,0.5,DVS,26.609947,0.99454,19.075996,7.533952,0.0,0.0,36,26,17,1
4,130,0.5,Baseline,33.283201,0.499994,25.749724,7.533477,0.0,0.0,80,0,0,0
4,130,0.6,CO-DMO-CT,4.763021,0.940695,1.95986,1.893789,0.909372,0.65,12,12,27,29
4,130,0.6,CO-DMO,4.727541,0.583086,1.981757,1.794095,0.951688,0.6875,17,11,25,27
4,130,0.6,Offloading,13.85077,0.087944,5.353205,7.533573,0.963993,0.7,80,0,0,0
4,130,0.6,DVS,32.654084,0.998273,25.120164,7.533921,0.0,0.0,41,25,11,3
4,130,0.6,Baseline,38.23319,0.599992,30.699618,7.533573,0.0,0.0,80,0,0,0
4,130,0.7,CO-DMO-CT,5.350082,0.657322,1.895701,2.325568,1.128814,0.7,13,15,30,22
4,130,0.7,CO-DMO,5.181097,0.853599,1.731842,2.349755,1.0995,0.6875,13,16,21,30
4,130,0.7,Offloading,14.737038,0.1026,6.078713,7.533668,1.124657,0.7,80,0,0,0
4,130,0.7,DVS,38.598044,0.998757,31.064122,7.533921,0.0,0.0,53,21,5,1
4,130,0.7,Baseline,43.183139,0.699989,35.649471,7.533668,0.0,0.0,80,0,0,0
4,130,0.8,CO-DMO-CT,6.542908,0.794929,2.738027,2.529569,1.275311,0.6875,9,19,26,26
4,130,0.8,CO-DMO,6.970104,0.726042,3.431253,2.328415,1.210436,0.6625,11,20,28,21
4,130,0.8,Offloading,15.623302,0.117257,6.804223,7.533764,1.285315,0.7,80,0,0,0
4,130,0.8,DVS,44.964557,0.998647,37.43061,7.533948,0.0,0.0,62,16,2,0
4,130,0.8,Baseline,48.132995,0.799984,40.599231,7.533764,0.0,0.0,80,0,0,0
4,130,0.9,CO-DMO-CT,9.306547,0.684471,5.579222,2.376859,1.350466,0.65,16,26,25,13
4,130,0.9,CO-DMO,7.412567,0.921683,3.287678,2.722172,1.402718,0.6625,14,23,19,24
4,130,0.9,Offloading,16.509559,0.131914,7.52972,7.533859,1.44598,0.7,80,0,0,0
4,130,0.9,DVS,51.329986,0.999733,43.796046,7.53394,0.0,0.0,70,8,2,0
4,130,0.9,Baseline,53.082968,0.899982,45.549109,7.533859,0.0,0.0,80,0,0,0
4,130,1.0,CO-DMO-CT,8.798378,0.91362,5.190221,2.132604,1.475554,0.6625,28,20,17,15
4,130,1.0,CO-DMO,8.560821,0.880491,4.751122,2.302509,1.50719,0.6625,21,19,23,17
4,130,1.0,Offloading,17.174333,0.142908,8.073923,7.533931,1.566479,0.7,80,0,0,0
4,130,1.0,DVS,56.34959,0.999742,48.815633,7.533957,0.0,0.0,78,2,0,0
4,130,1.0,Baseline,56.795506,0.974981,49.261575,7.533931,0.0,0.0,80,0,0,0
4,130,1.1,CO-DMO-CT,12.086429,0.723391,7.897501,2.663676,1.525252,0.6375,26,23,14,17
4,130,1.1,CO-DMO,12.508274,0.953792,8.033156,3.083749,1.391368,0.6,20,24,20,16
4,130,1.1,Offloading,17.617425,0.150235,8.436634,7.533978,1.646813,0.7,80,0,0,0
4,130,1.1,DVS,59.2955,1.024981,51.761522,7.533978,0.0,0.0,80,0,0,0
4,130,1.1,Baseline,59.2955,1.024981,51.761522,7.533978,0.0,0.0,80,0,0,0
6,0,0.1,CO-DMO-CT,3.839225,0.943594,2.43862,1.400605,0.0,0.0,4,8,22,46
6,0,0.1,CO-DMO,3.839225,0.943594,2.43862,1.400605,0.0,0.0,4,8,22,46
6,0,0.1,Offloading,11.946165,0.06895,4.413046,7.533119,0.0,0.3625,80,0,0,0
6,0,0.1,DVS,9.559578,0.799169,2.025813,7.533765,0.0,0.0,4,6,20,50
6,0,0.1,Baseline,14.720604,0.125,7.187485,7.533119,0.0,0.0,80,0,0,0
6,0,0.2,CO-DMO-CT,6.955449,1.001988,5.263083,1.692366,0.0,0.0,7,16,41,16
6,0,0.2,CO-DMO,6.955449,1.001988,5.263083,1.692366,0.0,0.0,7,16,41,16
6,0,0.2,Offloading,13.994056,0.110321,6.460866,7.533191,0.0,0.3625,80,0,0,0
6,0,0.2,DVS,11.674501,0.998208,4.140573,7.533928,0.0,0.0,3,19,29,29
6,0,0.2,Baseline,18.433144,0.199999,10.899953,7.533191,0.0,0.0,80,0,0,0
6,0,0.3,CO-DMO-CT,9.156218,0.673796,5.164728,3.99149,0.0,0.3625,23,19,15,23
6,0,0.3,CO-DMO,9.156218,0.673796,5.164728,3.99149,0.0,0.3625,23,19,15,23
6,0,0.3,Offloading,16.724566,0.16548,9.19128,7.533286,0.0,0.3625,80,0,0,0
6,0,0.3,DVS,15.932699,0.999227,8.398733,7.533965,0.0,0.0,9,34,26,11
6,0,0.3,Baseline,23.383182,0.299998,15.849895,7.533286,0.0,0.0,80,0,0,0
6,0,0.4,CO-DMO-CT,10.874661,0.898391,6.881075,3.993587,0.0,0.3625,23,19,15,23
6,0,0.4,CO-DMO,10.874661,0.898391,6.881075,3.993587,0.0,0.3625,23,19,15,23
6,0,0.4,Offloading,19.455052,0.22064,11.92167,7.533382,0.0,0.3625,80,0,0,0
6,0,0.4,DVS,20.824403,0.997416,13.29041,7.533993,0.0,0.0,21,32,25,2
6,0,0.4,Baseline,28.333184,0.399996,20.799802,7.533382,0.0,0.0,80,0,0,0
6,0,0.5,CO-DMO-CT,12.595028,1.122988,8.599345,3.995683,0.0,0.3625,23,19,15,23
6,0,0.5,CO-DMO,12.595028,1.122988,8.599345,3.995683,0.0,0.3625,23,19,15,23
6,0,0.5,Offloading,22.185547,0.275799,14.652069,7.533477,0.0,0.3625,80,0,0,0
6,0,0.5,DVS,26.609947,0.99454,19.075996,7.533952,0.0,0.0,36,26,17,1
6,0,0.5,Baseline,33.283201,0.499994,25.749724,7.533477,0.0,0.0,80,0,0,0
6,0,0.6,CO-DMO-CT,14.316978,1.347585,10.319198,3.99778,0.0,0.3625,23,19,15,23
6,0,0.6,CO-DMO,14.316978,1.347585,10.319198,3.99778,0.0,0.3625,23,19,15,23
6,0,0.6,Offloading,24.916038,0.330959,17.382465,7.533573,0.0,0.3625,80,0,0,0
6,0,0.6,DVS,32.654084,0.998273,25.120164,7.533921,0.0,0.0,41,25,11,3
6,0,0.6,Baseline,38.23319,0.599992,30.699618,7.533573,0.0,0.0,80,0,0,0
6,0,0.7,CO-DMO-CT,21.083394,1.487267,17.085985,3.997409,0.0,0.275,29,24,11,16
6,0,0.7,CO-DMO,21.083394,1.487267,17.085985,3.997409,0.0,0.275,29,24,11,16
6,0,0.7,Offloading,27.646478,0.386117,20.11281,7.533668,0.0,0.3625,80,0,0,0
6,0,0.7,DVS,38.598044,0.998757,31.064122,7.533921,0.0,0.0,53,21,5,1
6,0,0.7,Baseline,43.183139,0.699989,35.649471,7.533668,0.0,0.0,80,0,0,0
6,0,0.8,CO-DMO-CT,44.524536,0.995683,40.826402,3.698134,0.0,0.0,71,7,2,0
6,0,0.8,CO-DMO,44.524536,0.995683,40.826402,3.698134,0.0,0.0,71,7,2,0
6,0,0.8,Offloading,30.376894,0.441275,22.84313,7.533764,0.0,0.3625,80,0,0,0
6,0,0.8,DVS,44.964557,0.998647,37.43061,7.533948,0.0,0.0,62,16,2,0
6,0,0.8,Baseline,48.132995,0.799984,40.599231,7.533764,0.0,0.0,80,0,0,0
6,0,0.9,CO-DMO-CT,51.323832,0.997855,47.269256,4.054577,0.0,0.0,77,2,1,0
6,0,0.9,CO-DMO,51.323832,0.997855,47.269256,4.054577,0.0,0.0,77,2,1,0
6,0,0.9,Offloading,33.107343,0.496434,25.573484,7.533859,0.0,0.3625,80,0,0,0
6,0,0.9,DVS,51.329986,0.999733,43.796046,7.53394,0.0,0.0,70,8,2,0
6,0,0.9,Baseline,53.082968,0.899982,45.549109,7.533859,0.0,0.0,80,0,0,0
6,0,1.0,CO-DMO-CT,55.755456,1.011084,50.066928,5.688527,0.0,0.0,80,0,0,0
6,0,1.0,CO-DMO,55.755456,1.011084,50.066928,5.688527,0.0,0.0,80,0,0,0
6,0,1.0,Offloading,35.155274,0.537805,27.621344,7.533931,0.0,0.3625,80,0,0,0
6,0,1.0,DVS,56.34959,0.999742,48.815633,7.533957,0.0,0.0,78,2,0,0
6,0,1.0,Baseline,56.795506,0.974981,49.261575,7.533931,0.0,0.0,80,0,0,0
6,0,1.1,CO-DMO-CT,58.311999,1.064571,52.672106,5.639893,0.0,0.0,80,0,0,0
6,0,1.1,CO-DMO,58.311999,1.064571,52.672106,5.639893,0.0,0.0,80,0,0,0
6,0,1.1,Offloading,36.520457,0.565383,28.986479,7.533978,0.0,0.3625,80,0,0,0
6,0,1.1,DVS,59.2955,1.024981,51.761522,7.533978,0.0,0.0,80,0,0,0
6,0,1.1,Baseline,59.2955,1.024981,51.761522,7.533978,0.0,0.0,80,0,0,0
6,10,0.1,CO-DMO-CT,3.996618,0.506895,1.21221,1.488738,1.295671,0.3875,13,7,26,34
6,10,0.1,CO-DMO,3.80881,0.423798,1.059856,1.172605,1.576348,0.45,12,14,22,32
6,10,0.1,Offloading,11.866138,0.012812,1.634176,7.533119,2.698844,0.7375,80,0,0,0
6,10,0.1,DVS,9.559578,0.799169,2.025813,7.533765,0.0,0.0,4,6,20,50
6,10,0.1,Baseline,14.720604,0.125,7.187485,7.533119,0.0,0.0,80,0,0,0
6,10,0.2,CO-DMO-CT,5.531593,0.954598,2.131883,1.622786,1.776924,0.3375,6,18,19,37
6,10,0.2,CO-DMO,4.773521,0.791637,1.606626,0.885693,2.281202,0.425,6,16,20,38
6,10,0.2,Offloading,13.866007,0.020499,2.014677,7.533191,4.318139,0.7375,80,0,0,0
6,10,0.2,DVS,11.674501,0.998208,4.140573,7.533928,0.0,0.0,3,19,29,29
6,10,0.2,Baseline,18.433144,0.199999,10.899953,7.533191,0.0,0.0,80,0,0,0
6,10,0.3,CO-DMO-CT,8.270605,0.939833,2.579688,2.118181,3.572737,0.45,9,17,23,31
6,10,0.3,CO-DMO,8.022457,0.990258,2.241765,1.837534,3.943158,0.475,10,14,24,32
6,10,0.3,Offloading,16.53249,0.030748,2.52201,7.533286,6.477193,0.7375,80,0,0,0
6,10,0.3,DVS,15.932699,0.999227,8.398733,7.533965,0.0,0.0,9,34,26,11
6,10,0.3,Baseline,23.383182,0.299998,15.849895,7.533286,0.0,0.0,80,0,0,0
6,10,0.4,CO-DMO-CT,10.372601,0.999928,2.914721,1.740378,5.717503,0.525,13,16,22,29
6,10,0.4,CO-DMO,10.374384,1.000086,2.459908,2.089221,5.825256,0.525,13,13,25,29
6,10,0.4,Offloading,19.198952,0.040997,3.029335,7.533382,8.636235,0.7375,80,0,0,0
6,10,0.4,DVS,20.824403,0.997416,13.29041,7.533993,0.0,0.0,21,32,25,2
6,10,0.4,Baseline,28.333184,0.399996,20.799802,7.533382,0.0,0.0,80,0,0,0
6,10,0.5,CO-DMO-CT,13.144008,0.988922,2.453957,2.304628,8.385423,0.5875,6,15,31,28
6,10,0.5,CO-DMO,13.33629,0.997917,3.684366,2.245127,7.406798,0.5375,18,15,28,19
6,10,0.5,Offloading,21.865423,0.051246,3.536665,7.533477,10.795281,0.7375,80,0,0,0
6,10,0.5,DVS,26.609947,0.99454,19.075996,7.533952,0.0,0.0,36,26,17,1
6,10,0.5,Baseline,33.283201,0.499994,25.749724,7.533477,0.0,0.0,80,0,0,0
6,10,0.6,CO-DMO-CT,15.686161,0.9952,3.497465,2.046817,10.141879,0.5875,14,22,22,22
6,10,0.6,CO-DMO,16.353924,0.945888,3.764378,2.409541,10.180004,0.575,14,18,24,24
6,10,0.6,Offloading,24.531878,0.061495,4.044002,7.533573,12.954304,0.7375,80,0,0,0
6,10,0.6,DVS,32.654084,0.998273,25.120164,7.533921,0.0,0.0,41,25,11,3
6,10,0.6,Baseline,38.23319,0.599992,30.699618,7.533573,0.0,0.0,80,0,0,0
6,10,0.7,CO-DMO-CT,18.784189,1.00036,5.185169,2.003858,11.595163,0.5875,10,19,35,16
6,10,0.7,CO-DMO,18.10616,0.986328,3.373914,2.37663,12.355616,0.6375,16,19,28,17
6,10,0.7,Offloading,27.663785,0.090209,5.465354,7.533668,14.664763,0.7125,80,0,0,0
6,10,0.7,DVS,38.598044,0.998757,31.064122,7.533921,0.0,0.0,53,21,5,1
6,10,0.7,Baseline,43.183139,0.699989,35.649471,7.533668,0.0,0.0,80,0,0,0
6,10,0.8,CO-DMO-CT,21.169494,0.985806,4.707505,2.098663,14.363326,0.625,13,21,29,17
6,10,0.8,CO-DMO,22.189743,0.95895,5.005742,3.175001,14.008999,0.625,11,17,29,23
6,10,0.8,Offloading,29.864665,0.081992,5.058595,7.533764,17.272306,0.7375,80,0,0,0
6,10,0.8,DVS,44.964557,0.998647,37.43061,7.533948,0.0,0.0,62,16,2,0
6,10,0.8,Baseline,48.132995,0.799984,40.599231,7.533764,0.0,0.0,80,0,0,0
6,10,0.9,CO-DMO-CT,24.723048,0.97081,6.688104,2.841699,15.193245,0.6,15,23,30,12
6,10,0.9,CO-DMO,24.24585,0.964402,5.367914,2.493852,16.384083,0.5875,20,28,21,11
6,10,0.9,Offloading,33.129572,0.115982,6.741119,7.533859,18.854594,0.7125,80,0,0,0
6,10,0.9,DVS,51.329986,0.999733,43.796046,7.53394,0.0,0.0,70,8,2,0
6,10,0.9,Baseline,53.082968,0.899982,45.549109,7.533859,0.0,0.0,80,0,0,0
6,10,1.0,CO-DMO-CT,27.147525,0.973852,7.64522,2.396982,17.105323,0.6375,26,25,19,10
6,10,1.0,CO-DMO,26.100049,0.968291,5.200392,2.613558,18.286099,0.65,19,23,26,12
6,10,1.0,Offloading,34.530997,0.099928,5.946419,7.533931,21.050647,0.7375,80,0,0,0
6,10,1.0,DVS,56.34959,0.999742,48.815633,7.533957,0.0,0.0,78,2,0,0
6,10,1.0,Baseline,56.795506,0.974981,49.261575,7.533931,0.0,0.0,80,0,0,0
6,10,1.1,CO-DMO-CT,29.522959,0.999413,9.693489,1.804544,18.024926,0.5625,28,26,16,10
6,10,1.1,CO-DMO,29.612951,0.893002,8.890576,2.478419,18.243955,0.6125,25,21,24,10
6,10,1.1,Offloading,35.864238,0.105052,6.20009,7.533978,22.130169,0.7375,80,0,0,0
6,10,1.1,DVS,59.2955,1.024981,51.761522,7.533978,0.0,0.0,80,0,0,0
6,10,1.1,Baseline,59.2955,1.024981,51.761522,7.533978,0.0,0.0,80,0,0,0
6,20,0.1,CO-DMO-CT,3.066839,0.325234,0.678682,1.383333,1.004825,0.5875,11,16,19,34
6,20,0.1,CO-DMO,3.278812,0.256882,0.67062,1.495672,1.11252,0.5875,20,12,25,23
6,20,0.1,Offloading,10.711146,0.017823,1.882215,7.533119,1.295811,0.6875,80,0,0,0
6,20,0.1,DVS,9.559578,0.799169,2.025813,7.533765,0.0,0.0,4,6,20,50
6,20,0.1,Baseline,14.720604,0.125,7.187485,7.533119,0.0,0.0,80,0,0,0
6,20,0.2,CO-DMO-CT,4.162778,0.563585,1.109027,1.532985,1.520766,0.55,9,17,19,35
6,20,0.2,CO-DMO,4.024426,0.587976,1.121589,1.387327,1.51551,0.55,7,14,22,37
6,20,0.2,Offloading,12.018023,0.028516,2.41154,7.533191,2.073292,0.6875,80,0,0,0
6,20,0.2,DVS,11.674501,0.998208,4.140573,7.533928,0.0,0.0,3,19,29,29
6,20,0.2,Baseline,18.433144,0.199999,10.899953,7.533191,0.0,0.0,80,0,0,0
6,20,0.3,CO-DMO-CT,5.471259,0.757098,1.621526,1.351045,2.498688,0.5625,7,12,29,32
6,20,0.3,CO-DMO,5.502423,0.73518,1.865495,1.149841,2.487088,0.5625,13,15,21,31
6,20,0.3,Offloading,13.760521,0.042774,3.117303,7.533286,3.109931,0.6875,80,0,0,0
6,20,0.3,DVS,15.932699,0.999227,8.398733,7.533965,0.0,0.0,9,34,26,11
6,20,0.3,Baseline,23.383182,0.299998,15.849895,7.533286,0.0,0.0,80,0,0,0
6,20,0.4,CO-DMO-CT,7.306612,0.518475,1.168336,2.058418,4.079858,0.6875,12,20,17,31
6,20,0.4,CO-DMO,7.161394,0.942982,1.921457,1.775004,3.464933,0.5625,8,14,24,34
6,20,0.4,Offloading,15.503004,0.057032,3.823059,7.533382,4.146563,0.6875,80,0,0,0
6,20,0.4,DVS,20.824403,0.997416,13.29041,7.533993,0.0,0.0,21,32,25,2
6,20,0.4,Baseline,28.333184,0.399996,20.799802,7.533382,0.0,0.0,80,0,0,0
6,20,0.5,CO-DMO-CT,8.137823,0.847991,1.679372,1.725252,4.733199,0.65,8,13,26,33
6,20,0.5,CO-DMO,8.496735,0.829198,2.114355,1.933515,4.448866,0.625,8,15,24,33
6,20,0.5,Offloading,17.245494,0.071289,4.528818,7.533477,5.183198,0.6875,80,0,0,0
6,20,0.5,DVS,26.609947,0.99454,19.075996,7.533952,0.0,0.0,36,26,17,1
6,20,0.5,Baseline,33.283201,0.499994,25.749724,7.533477,0.0,0.0,80,0,0,0
6,20,0.6,CO-DMO-CT,10.045057,0.924102,2.406869,1.990518,5.64767,0.6375,14,15,25,26
6,20,0.6,CO-DMO,10.209209,0.937411,1.954088,2.381113,5.874008,0.6625,14,12,30,24
6,20,0.6,Offloading,18.987977,0.085547,5.234583,7.533573,6.219822,0.6875,80,0,0,0
6,20,0.6,DVS,32.654084,0.998273,25.120164,7.533921,0.0,0.0,41,25,11,3
6,20,0.6,Baseline,38.23319,0.599992,30.699618,7.533573,0.0,0.0,80,0,0,0
6,20,0.7,CO-DMO-CT,12.562162,0.998798,3.615957,2.448902,6.497304,0.6375,11,19,24,26
6,20,0.7,CO-DMO,11.256387,0.770569,1.793396,2.181755,7.281237,0.7,11,17,25,27
6,20,0.7,Offloading,20.730437,0.099804,5.940318,7.533668,7.256451,0.6875,80,0,0,0
6,20,0.7,DVS,38.598044,0.998757,31.064122,7.533921,0.0,0.0,53,21,5,1
6,20,0.7,Baseline,43.183139,0.699989,35.649471,7.533668,0.0,0.0,80,0,0,0
6,20,0.8,CO-DMO-CT,14.275112,0.961392,3.69966,2.979441,7.596011,0.6625,14,24,21,21
6,20,0.8,CO-DMO,12.794716,0.870748,2.84885,2.328068,7.617798,0.675,13,12,31,24
6,20,0.8,Offloading,22.472846,0.114061,6.646036,7.533764,8.293046,0.6875,80,0,0,0
6,20,0.8,DVS,44.964557,0.998647,37.43061,7.533948,0.0,0.0,62,16,2,0
6,20,0.8,Baseline,48.132995,0.799984,40.599231,7.533764,0.0,0.0,80,0,0,0
6,20,0.9,CO-DMO-CT,16.57729,0.771779,4.762975,2.88521,8.929105,0.6625,19,21,31,9
6,20,0.9,CO-DMO,14.861603,0.912856,3.354195,2.497444,9.009963,0.675,11,23,30,16
6,20,0.9,Offloading,24.215314,0.128319,7.351783,7.533859,9.329672,0.6875,80,0,0,0
6,20,0.9,DVS,51.329986,0.999733,43.796046,7.53394,0.0,0.0,70,8,2,0
6,20,0.9,Baseline,53.082968,0.899982,45.549109,7.533859,0.0,0.0,80,0,0,0
6,20,1.0,CO-DMO-CT,16.011741,0.840036,3.798927,2.34257,9.870245,0.7,19,24,25,12
6,20,1.0,CO-DMO,17.468592,0.996962,5.472351,2.825827,9.170414,0.6375,22,23,22,13
6,20,1.0,Offloading,25.522212,0.139013,7.881121,7.533931,10.10716,0.6875,80,0,0,0
6,20,1.0,DVS,56.34959,0.999742,48.815633,7.533957,0.0,0.0,78,2,0,0
6,20,1.0,Baseline,56.795506,0.974981,49.261575,7.533931,0.0,0.0,80,0,0,0
6,20,1.1,CO-DMO-CT,23.15749,0.997677,11.12366,3.196178,8.837652,0.55,30,20,18,12
6,20,1.1,CO-DMO,18.099336,0.998298,5.665566,3.071529,9.362241,0.65,18,20,23,19
6,20,1.1,Offloading,26.393434,0.146141,8.233969,7.533978,10.625486,0.6875,80,0,0,0
6,20,1.1,DVS,59.2955,1.024981,51.761522,7.533978,0.0,0.0,80,0,0,0
6,20,1.1,Baseline,59.2955,1.024981,51.761522,7.533978,0.0,0.0,80,0,0,0
6,30,0.1,CO-DMO-CT,2.614866,0.28939,0.578966,1.302321,0.733579,0.5875,5,12,25,38
6,30,0.1,CO-DMO,2.643951,0.157472,0.396496,1.407214,0.840241,0.675,13,15,26,26
6,30,0.1,Offloading,10.404488,0.020291,2.004387,7.533119,0.866982,0.6875,80,0,0,0
6,30,0.1,DVS,9.559578,0.799169,2.025813,7.533765,0.0,0.0,4,6,20,50
6,30,0.1,Baseline,14.720604,0.125,7.187485,7.533119,0.0,0.0,80,0,0,0
6,30,0.2,CO-DMO-CT,3.206654,0.270372,0.593244,1.266142,1.347267,0.6875,7,16,25,32
6,30,0.2,CO-DMO,3.678718,0.362075,0.922829,1.556195,1.199695,0.6125,10,12,24,34
6,30,0.2,Offloading,11.527373,0.032465,2.607015,7.533191,1.387167,0.6875,80,0,0,0
6,30,0.2,DVS,11.674501,0.998208,4.140573,7.533928,0.0,0.0,3,19,29,29
6,30,0.2,Baseline,18.433144,0.199999,10.899953,7.533191,0.0,0.0,80,0,0,0
6,30,0.3,CO-DMO-CT,5.075581,0.393897,0.81416,2.233707,2.027714,0.7,6,11,26,37
6,30,0.3,CO-DMO,4.414105,0.42055,0.857104,1.634469,1.922533,0.675,7,16,21,36
6,30,0.3,Offloading,13.024546,0.048697,3.410514,7.533286,2.080746,0.6875,80,0,0,0
6,30,0.3,DVS,15.932699,0.999227,8.398733,7.533965,0.0,0.0,9,34,26,11
6,30,0.3,Baseline,23.383182,0.299998,15.849895,7.533286,0.0,0.0,80,0,0,0
6,30,0.4,CO-DMO-CT,5.200796,0.597866,1.354916,1.283425,2.562455,0.6625,3,17,23,37
6,30,0.4,CO-DMO,5.599695,0.759089,1.235512,1.805286,2.558897,0.65,10,17,24,29
6,30,0.4,Offloading,14.521709,0.064929,4.214006,7.533382,2.774321,0.6875,80,0,0,0
6,30,0.4,DVS,20.824403,0.997416,13.29041,7.533993,0.0,0.0,21,32,25,2
6,30,0.4,Baseline,28.333184,0.399996,20.799802,7.533382,0.0,0.0,80,0,0,0
6,30,0.5,CO-DMO-CT,6.354144,0.811526,1.515793,1.546413,3.291939,0.65,10,13,23,34
6,30,0.5,CO-DMO,6.763324,0.771958,1.512969,1.96272,3.287635,0.6625,11,20,21,28
6,30,0.5,Offloading,16.01888,0.081162,5.017507,7.533477,3.467896,0.6875,80,0,0,0
6,30,0.5,DVS,26.609947,0.99454,19.075996,7.533952,0.0,0.0,36,26,17,1
6,30,0.5,Baseline,33.283201,0.499994,25.749724,7.533477,0.0,0.0,80,0,0,0
6,30,0.6,CO-DMO-CT,8.449773,0.607305,1.862332,2.433256,4.154185,0.7,14,18,29,19
6,30,0.6,CO-DMO,7.038306,0.540715,1.094065,1.631462,4.31278,0.725,12,12,28,28
6,30,0.6,Offloading,17.516031,0.097394,5.820991,7.533573,4.161467,0.6875,80,0,0,0
6,30,0.6,DVS,32.654084,0.998273,25.120164,7.533921,0.0,0.0,41,25,11,3
6,30,0.6,Baseline,38.23319,0.599992,30.699618,7.533573,0.0,0.0,80,0,0,0
6,30,0.7,CO-DMO-CT,9.452719,0.74041,2.266436,2.431074,4.75521,0.7,9,14,31,26
6,30,0.7,CO-DMO,9.033948,0.512802,1.940766,2.14448,4.948702,0.7125,14,26,24,16
6,30,0.7,Offloading,19.013179,0.113626,6.624474,7.533668,4.855037,0.6875,80,0,0,0
6,30,0.7,DVS,38.598044,0.998757,31.064122,7.533921,0.0,0.0,53,21,5,1
6,30,0.7,Baseline,43.183139,0.699989,35.649471,7.533668,0.0,0.0,80,0,0,0
6,30,0.8,CO-DMO-CT,11.243783,0.932444,3.293331,2.610044,5.340408,0.6625,14,22,21,23
6,30,0.8,CO-DMO,9.881754,0.852025,2.75459,1.729266,5.397897,0.6875,13,14,29,24
6,30,0.8,Offloading,20.51028,0.129857,7.427929,7.533764,5.548587,0.6875,80,0,0,0
6,30,0.8,DVS,44.964557,0.998647,37.43061,7.533948,0.0,0.0,62,16,2,0
6,30,0.8,Baseline,48.132995,0.799984,40.599231,7.533764,0.0,0.0,80,0,0,0
6,30,0.9,CO-DMO-CT,14.268122,0.856785,5.985583,2.551666,5.730873,0.6125,18,22,25,15
6,30,0.9,CO-DMO,12.128474,0.65998,3.374141,2.581646,6.172687,0.675,20,21,23,16
6,30,0.9,Offloading,22.007407,0.146089,8.231388,7.533859,6.24216,0.6875,80,0,0,0
6,30,0.9,DVS,51.329986,0.999733,43.796046,7.53394,0.0,0.0,70,8,2,0
6,30,0.9,Baseline,53.082968,0.899982,45.549109,7.533859,0.0,0.0,80,0,0,0
6,30,1.0,CO-DMO-CT,14.016439,0.993785,5.476661,2.449362,6.090416,0.6625,15,27,21,17
6,30,1.0,CO-DMO,12.502948,0.84073,3.243617,2.49231,6.767022,0.7,23,22,19,16
6,30,1.0,Offloading,23.130337,0.158264,8.83406,7.533931,6.762346,0.6875,80,0,0,0
6,30,1.0,DVS,56.34959,0.999742,48.815633,7.533957,0.0,0.0,78,2,0,0
6,30,1.0,Baseline,56.795506,0.974981,49.261575,7.533931,0.0,0.0,80,0,0,0
6,30,1.1,CO-DMO-CT,18.855984,0.994836,10.206189,2.661319,5.988476,0.5625,27,24,14,15
6,30,1.1,CO-DMO,13.689938,0.61453,4.032437,2.615625,7.041877,0.7,26,16,26,12
6,30,1.1,Offloading,23.878878,0.166379,9.235758,7.533978,7.109142,0.6875,80,0,0,0
6,30,1.1,DVS,59.2955,1.024981,51.761522,7.533978,0.0,0.0,80,0,0,0
6,30,1.1,Baseline,59.2955,1.024981,51.761522,7.533978,0.0,0.0,80,0,0,0
6,40,0.1,CO-DMO-CT,2.501923,0.264174,0.548591,1.391047,0.562285,0.625,10,14,26,30
6,40,0.1,CO-DMO,2.561779,0.266226,0.582124,1.40739,0.572265,0.6,13,13,22,32
6,40,0.1,Offloading,10.226578,0.021512,2.064846,7.533119,0.628613,0.675,80,0,0,0
6,40,0.1,DVS,9.559578,0.799169,2.025813,7.533765,0.0,0.0,4,6,20,50
6,40,0.1,Baseline,14.720604,0.125,7.187485,7.533119,0.0,0.0,80,0,0,0
6,40,0.2,CO-DMO-CT,3.706625,0.30876,0.636473,2.065943,1.004209,0.6875,7,15,28,30
6,40,0.2,CO-DMO,2.971623,0.244101,0.449014,1.474607,1.048001,0.7125,11,15,25,29
6,40,0.2,Offloading,11.242718,0.034419,2.703748,7.533191,1.005779,0.675,80,0,0,0
6,40,0.2,DVS,11.674501,0.998208,4.140573,7.533928,0.0,0.0,3,19,29,29
6,40,0.2,Baseline,18.433144,0.199999,10.899953,7.533191,0.0,0.0,80,0,0,0
6,40,0.3,CO-DMO-CT,4.73977,0.558372,1.543099,1.877048,1.319623,0.6,5,16,25,34
6,40,0.3,CO-DMO,4.497036,0.320382,1.075784,1.885148,1.536104,0.6875,7,23,16,34
6,40,0.3,Offloading,12.597569,0.051629,3.555619,7.533286,1.508664,0.675,80,0,0,0
6,40,0.3,DVS,15.932699,0.999227,8.398733,7.533965,0.0,0.0,9,34,26,11
6,40,0.3,Baseline,23.383182,0.299998,15.849895,7.533286,0.0,0.0,80,0,0,0
6,40,0.4,CO-DMO-CT,5.372187,0.648442,1.474212,1.929874,1.9681,0.65,11,13,27,29
6,40,0.4,CO-DMO,4.928662,0.800971,1.721262,1.363314,1.844085,0.6,9,11,27,33
6,40,0.4,Offloading,13.9524,0.068838,4.407471,7.533382,2.011547,0.675,80,0,0,0
6,40,0.4,DVS,20.824403,0.997416,13.29041,7.533993,0.0,0.0,21,32,25,2
6,40,0.4,Baseline,28.333184,0.399996,20.799802,7.533382,0.0,0.0,80,0,0,0
6,40,0.5,CO-DMO-CT,5.537392,0.40884,0.884226,1.900974,2.752193,0.7375,12,16,18,34
6,40,0.5,CO-DMO,6.067184,0.594472,1.279644,2.213788,2.573751,0.725,14,20,21,25
6,40,0.5,Offloading,15.307249,0.086047,5.259341,7.533477,2.514431,0.675,80,0,0,0
6,40,0.5,DVS,26.609947,0.99454,19.075996,7.533952,0.0,0.0,36,26,17,1
6,40,0.5,Baseline,33.283201,0.499994,25.749724,7.533477,0.0,0.0,80,0,0,0
6,40,0.6,CO-DMO-CT,6.985858,0.569352,1.60608,2.216731,3.163046,0.7,12,15,34,19
6,40,0.6,CO-DMO,7.280524,0.67569,1.717181,2.459138,3.104205,0.7,12,10,30,28
6,40,0.6,Offloading,16.66209,0.103257,6.111209,7.533573,3.017309,0.675,80,0,0,0
6,40,0.6,DVS,32.654084,0.998273,25.120164,7.533921,0.0,0.0,41,25,11,3
6,40,0.6,Baseline,38.23319,0.599992,30.699618,7.533573,0.0,0.0,80,0,0,0
6,40,0.7,CO-DMO-CT,7.378594,0.548936,1.258076,2.268807,3.851711,0.75,9,18,27,26
6,40,0.7,CO-DMO,7.853389,0.601678,1.681066,2.467442,3.704881,0.7125,16,19,25,20
6,40,0.7,Offloading,18.01688,0.120465,6.963019,7.533668,3.520193,0.675,80,0,0,0
6,40,0.7,DVS,38.598044,0.998757,31.064122,7.533921,0.0,0.0,53,21,5,1
6,40,0.7,Baseline,43.183139,0.699989,35.649471,7.533668,0.0,0.0,80,0,0,0
6,40,0.8,CO-DMO-CT,10.041955,0.995612,3.603888,2.527346,3.91072,0.6375,11,17,32,20
6,40,0.8,CO-DMO,9.449249,0.920613,2.896834,2.675749,3.876667,0.675,10,12,31,27
6,40,0.8,Offloading,19.371669,0.137674,7.81485,7.533764,4.023056,0.675,80,0,0,0
6,40,0.8,DVS,44.964557,0.998647,37.43061,7.533948,0.0,0.0,62,16,2,0
6,40,0.8,Baseline,48.132995,0.799984,40.599231,7.533764,0.0,0.0,80,0,0,0
6,40,0.9,CO-DMO-CT,11.72727,0.923372,4.426977,3.004697,4.295597,0.65,6,33,23,18
6,40,0.9,CO-DMO,9.987516,0.61008,2.83655,2.421897,4.729068,0.7,23,14,24,19
6,40,0.9,Offloading,20.726502,0.154883,8.666709,7.533859,4.525934,0.675,80,0,0,0
6,40,0.9,DVS,51.329986,0.999733,43.796046,7.53394,0.0,0.0,70,8,2,0
6,40,0.9,Baseline,53.082968,0.899982,45.549109,7.533859,0.0,0.0,80,0,0,0
6,40,1.0,CO-DMO-CT,11.853784,0.859507,4.094286,2.868841,4.890657,0.7,22,19,24,15
6,40,1.0,CO-DMO,10.112664,0.646516,3.065941,1.927971,5.118752,0.7125,16,23,22,19
6,40,1.0,Offloading,21.742665,0.167791,9.305633,7.533931,4.903102,0.675,80,0,0,0
6,40,1.0,DVS,56.34959,0.999742,48.815633,7.533957,0.0,0.0,78,2,0,0
6,40,1.0,Baseline,56.795506,0.974981,49.261575,7.533931,0.0,0.0,80,0,0,0
6,40,1.1,CO-DMO-CT,17.532932,1.002131,10.616837,2.367559,4.548536,0.575,29,13,23,15
6,40,1.1,CO-DMO,12.970443,0.680457,5.401683,2.476795,5.091965,0.675,19,23,18,20
6,40,1.1,Offloading,22.420072,0.176395,9.731547,7.533978,5.154547,0.675,80,0,0,0
6,40,1.1,DVS,59.2955,1.024981,51.761522,7.533978,0.0,0.0,80,0,0,0
6,40,1.1,Baseline,59.2955,1.024981,51.761522,7.533978,0.0,0.0,80,0,0,0
6,50,0.1,CO-DMO-CT,2.501949,0.333273,0.642173,1.431882,0.427894,0.5875,15,9,20,36
6,50,0.1,CO-DMO,2.061156,0.249653,0.56898,1.026194,0.465982,0.625,16,12,26,26
6,50,0.1,Offloading,9.801845,0.014768,1.731023,7.533119,0.537702,0.725,80,0,0,0
6,50,0.1,DVS,9.559578,0.799169,2.025813,7.533765,0.0,0.0,4,6,20,50
6,50,0.1,Baseline,14.720604,0.125,7.187485,7.533119,0.0,0.0,80,0,0,0
6,50,0.2,CO-DMO-CT,2.996966,0.269227,0.579981,1.605071,0.811915,0.675,7,19,19,35
6,50,0.2,CO-DMO,3.442733,0.385665,0.763659,1.920111,0.758963,0.625,6,24,21,29
6,50,0.2,Offloading,10.563145,0.023629,2.169633,7.533191,0.860321,0.725,80,0,0,0
6,50,0.2,DVS,11.674501,0.998208,4.140573,7.533928,0.0,0.0,3,19,29,29
6,50,0.2,Baseline,18.433144,0.199999,10.899953,7.533191,0.0,0.0,80,0,0,0
6,50,0.3,CO-DMO-CT,3.907109,0.525184,1.152379,1.594906,1.159824,0.65,9,20,13,38
6,50,0.3,CO-DMO,4.27307,0.608045,1.187916,1.96642,1.118734,0.625,9,18,18,35
6,50,0.3,Offloading,11.578208,0.035443,2.754443,7.533286,1.290479,0.725,80,0,0,0
6,50,0.3,DVS,15.932699,0.999227,8.398733,7.533965,0.0,0.0,9,34,26,11
6,50,0.3,Baseline,23.383182,0.299998,15.849895,7.533286,0.0,0.0,80,0,0,0
6,50,0.4,CO-DMO-CT,4.446088,0.317667,0.842672,1.862962,1.740455,0.7375,11,19,26,24
6,50,0.4,CO-DMO,4.825907,0.609465,1.699544,1.564365,1.561999,0.65,17,16,20,27
6,50,0.4,Offloading,12.59326,0.047257,3.339244,7.533382,1.720634,0.725,80,0,0,0
6,50,0.4,DVS,20.824403,0.997416,13.29041,7.533993,0.0,0.0,21,32,25,2
6,50,0.4,Baseline,28.333184,0.399996,20.799802,7.533382,0.0,0.0,80,0,0,0
6,50,0.5,CO-DMO-CT,5.419762,0.634558,1.275572,2.071294,2.072896,0.6875,10,15,22,33
6,50,0.5,CO-DMO,5.499615,0.767555,1.532858,2.08484,1.881917,0.65,10,19,20,31
6,50,0.5,Offloading,13.608322,0.059072,3.924055,7.533477,2.15079,0.725,80,0,0,0
6,50,0.5,DVS,26.609947,0.99454,19.075996,7.533952,0.0,0.0,36,26,17,1
6,50,0.5,Baseline,33.283201,0.499994,25.749724,7.533477,0.0,0.0,80,0,0,0
6,50,0.6,CO-DMO-CT,6.956679,0.756943,2.469615,2.142627,2.344437,0.675,13,16,28,23
6,50,0.6,CO-DMO,6.890302,0.378386,1.821127,2.492853,2.576321,0.7125,16,14,24,26
6,50,0.6,Offloading,14.623375,0.070886,4.50886,7.533573,2.580942,0.725,80,0,0,0
6,50,0.6,DVS,32.654084,0.998273,25.120164,7.533921,0.0,0.0,41,25,11,3
6,50,0.6,Baseline,38.23319,0.599992,30.699618,7.533573,0.0,0.0,80,0,0,0
6,50,0.7,CO-DMO-CT,7.286116,0.770846,2.06774,2.318622,2.899755,0.6875,8,20,29,23
6,50,0.7,CO-DMO,7.344484,0.879151,2.0426,2.40254,2.899344,0.6875,19,19,17,25
6,50,0.7,Offloading,15.638402,0.0827,5.093638,7.533668,3.011096,0.725,80,0,0,0
6,50,0.7,DVS,38.598044,0.998757,31.064122,7.533921,0.0,0.0,53,21,5,1
6,50,0.7,Baseline,43.183139,0.699989,35.649471,7.533668,0.0,0.0,80,0,0,0
6,50,0.8,CO-DMO-CT,8.02159,0.843874,2.072737,2.585707,3.363146,0.6875,14,17,25,24
6,50,0.8,CO-DMO,8.835949,0.937488,3.963696,1.82446,3.047792,0.6375,22,19,23,16
6,50,0.8,Offloading,16.653416,0.094513,5.678417,7.533764,3.441236,0.725,80,0,0,0
6,50,0.8,DVS,44.964557,0.998647,37.43061,7.533948,0.0,0.0,62,16,2,0
6,50,0.8,Baseline,48.132995,0.799984,40.599231,7.533764,0.0,0.0,80,0,0,0
6,50,0.9,CO-DMO-CT,10.703024,0.727635,4.015564,2.981846,3.705615,0.6875,20,24,18,18
6,50,0.9,CO-DMO,8.728864,0.783383,2.703191,2.262354,3.763319,0.7,16,22,21,21
6,50,0.9,Offloading,17.668427,0.106327,6.263177,7.533859,3.871391,0.725,80,0,0,0
6,50,0.9,DVS,51.329986,0.999733,43.796046,7.53394,0.0,0.0,70,8,2,0
6,50,0.9,Baseline,53.082968,0.899982,45.549109,7.533859,0.0,0.0,80,0,0,0
6,50,1.0,CO-DMO-CT,9.788072,0.952272,3.404144,2.433926,3.950001,0.6875,14,24,26,16
6,50,1.0,CO-DMO,10.060441,0.927752,4.124034,2.106799,3.829608,0.675,13,20,24,23
6,50,1.0,Offloading,18.429779,0.115189,6.701839,7.533931,4.19401,0.725,80,0,0,0
6,50,1.0,DVS,56.34959,0.999742,48.815633,7.533957,0.0,0.0,78,2,0,0
6,50,1.0,Baseline,56.795506,0.974981,49.261575,7.533931,0.0,0.0,80,0,0,0
6,50,1.1,CO-DMO-CT,16.870741,0.840276,10.344628,2.856276,3.669837,0.575,23,23,15,19
6,50,1.1,CO-DMO,13.730703,0.987387,7.365322,2.584656,3.780726,0.625,24,22,23,11
6,50,1.1,Offloading,18.937272,0.121095,6.994202,7.533978,4.409091,0.725,80,0,0,0
6,50,1.1,DVS,59.2955,1.024981,51.761522,7.533978,0.0,0.0,80,0,0,0
6,50,1.1,Baseline,59.2955,1.024981,51.761522,7.533978,0.0,0.0,80,0,0,0
6,60,0.1,CO-DMO-CT,2.788778,0.170334,0.404708,1.965476,0.418594,0.675,9,14,24,33
6,60,0.1,CO-DMO,2.164004,0.276931,0.593396,1.204625,0.365983,0.6,13,14,25,28
6,60,0.1,Offloading,9.71191,0.014674,1.726387,7.533119,0.452404,0.725,80,0,0,0
6,60,0.1,DVS,9.559578,0.799169,2.025813,7.533765,0.0,0.0,4,6,20,50
6,60,0.1,Baseline,14.720604,0.125,7.187485,7.533119,0.0,0.0,80,0,0,0
6,60,0.2,CO-DMO-CT,3.059722,0.345722,0.703086,1.702337,0.654299,0.65,12,11,25,32
6,60,0.2,CO-DMO,3.246342,0.364429,0.864412,1.749096,0.632833,0.625,17,16,22,25
6,60,0.2,Offloading,10.41925,0.023479,2.162215,7.533191,0.723844,0.725,80,0,0,0
6,60,0.2,DVS,11.674501,0.998208,4.140573,7.533928,0.0,0.0,3,19,29,29
6,60,0.2,Baseline,18.433144,0.199999,10.899953,7.533191,0.0,0.0,80,0,0,0
6,60,0.3,CO-DMO-CT,3.586177,0.33004,0.812874,1.713137,1.060166,0.725,14,15,26,25
6,60,0.3,CO-DMO,3.766984,0.469576,0.994146,1.787836,0.985002,0.6625,11,11,27,31
6,60,0.3,Offloading,11.362367,0.035219,2.743317,7.533286,1.085763,0.725,80,0,0,0
6,60,0.3,DVS,15.932699,0.999227,8.398733,7.533965,0.0,0.0,9,34,26,11
6,60,0.3,Baseline,23.383182,0.299998,15.849895,7.533286,0.0,0.0,80,0,0,0
6,60,0.4,CO-DMO-CT,3.525536,0.283212,0.658364,1.377703,1.489469,0.7625,17,17,20,26
6,60,0.4,CO-DMO,4.062193,0.450252,1.078639,1.598459,1.385095,0.6875,6,14,27,33
6,60,0.4,Offloading,12.305473,0.046958,3.32441,7.533382,1.447681,0.725,80,0,0,0
6,60,0.4,DVS,20.824403,0.997416,13.29041,7.533993,0.0,0.0,21,32,25,2
6,60,0.4,Baseline,28.333184,0.399996,20.799802,7.533382,0.0,0.0,80,0,0,0
6,60,0.5,CO-DMO-CT,5.140488,0.648964,1.376802,2.061189,1.702497,0.6875,11,12,26,31
6,60,0.5,CO-DMO,5.002321,0.501634,1.125229,2.139821,1.737271,0.7125,10,18,23,29
6,60,0.5,Offloading,13.248593,0.058697,3.905518,7.533477,1.809598,0.725,80,0,0,0
6,60,0.5,DVS,26.609947,0.99454,19.075996,7.533952,0.0,0.0,36,26,17,1
6,60,0.5,Baseline,33.283201,0.499994,25.749724,7.533477,0.0,0.0,80,0,0,0
6,60,0.6,CO-DMO-CT,5.442916,0.540625,1.047036,2.20466,2.191221,0.7375,11,8,32,29
6,60,0.6,CO-DMO,5.498941,0.598406,1.533045,1.858754,2.107142,0.7125,15,11,28,26
6,60,0.6,Offloading,14.191697,0.070437,4.486611,7.533573,2.171513,0.725,80,0,0,0
6,60,0.6,DVS,32.654084,0.998273,25.120164,7.533921,0.0,0.0,41,25,11,3
6,60,0.6,Baseline,38.23319,0.599992,30.699618,7.533573,0.0,0.0,80,0,0,0
6,60,0.7,CO-DMO-CT,7.371888,0.8256,2.661814,2.42857,2.281505,0.6625,18,19,23,20
6,60,0.7,CO-DMO,5.686142,0.61962,1.282778,1.875106,2.528258,0.725,13,21,21,25
6,60,0.7,Offloading,15.134769,0.082175,5.067671,7.533668,2.53343,0.725,80,0,0,0
6,60,0.7,DVS,38.598044,0.998757,31.064122,7.533921,0.0,0.0,53,21,5,1
6,60,0.7,Baseline,43.183139,0.699989,35.649471,7.533668,0.0,0.0,80,0,0,0
6,60,0.8,CO-DMO-CT,7.867546,0.765056,2.936058,2.187141,2.744347,0.6875,7,17,25,31
6,60,0.8,CO-DMO,7.976564,0.957593,2.921706,2.478804,2.576053,0.675,13,21,24,22
6,60,0.8,Offloading,16.077846,0.093914,5.648748,7.533764,2.895334,0.725,80,0,0,0
6,60,0.8,DVS,44.964557,0.998647,37.43061,7.533948,0.0,0.0,62,16,2,0
6,60,0.8,Baseline,48.132995,0.799984,40.599231,7.533764,0.0,0.0,80,0,0,0
6,60,0.9,CO-DMO-CT,9.775435,0.574937,3.818832,2.805236,3.151367,0.7125,18,20,27,15
6,60,0.9,CO-DMO,9.57059,0.870011,3.985747,2.582428,3.002415,0.6625,21,17,23,19
6,60,0.9,Offloading,17.02094,0.105653,6.229832,7.533859,3.257248,0.725,80,0,0,0
6,60,0.9,DVS,51.329986,0.999733,43.796046,7.53394,0.0,0.0,70,8,2,0
6,60,0.9,Baseline,53.082968,0.899982,45.549109,7.533859,0.0,0.0,80,0,0,0
6,60,1.0,CO-DMO-CT,9.684389,0.889875,3.905106,2.528511,3.250772,0.6875,19,20,25,16
6,60,1.0,CO-DMO,10.253584,0.818565,4.326849,2.625994,3.300741,0.7,22,16,26,16
6,60,1.0,Offloading,17.728301,0.114458,6.66568,7.533931,3.52869,0.725,80,0,0,0
6,60,1.0,DVS,56.34959,0.999742,48.815633,7.533957,0.0,0.0,78,2,0,0
6,60,1.0,Baseline,56.795506,0.974981,49.261575,7.533931,0.0,0.0,80,0,0,0
6,60,1.1,CO-DMO-CT,15.21835,0.95718,9.747396,2.413753,3.0572,0.5875,30,15,20,15
6,60,1.1,CO-DMO,12.594358,0.910129,7.071597,2.398278,3.124483,0.6375,24,20,25,11
6,60,1.1,Offloading,18.199842,0.120328,6.956213,7.533978,3.709651,0.725,80,0,0,0
6,60,1.1,DVS,59.2955,1.024981,51.761522,7.533978,0.0,0.0,80,0,0,0
6,60,1.1,Baseline,59.2955,1.024981,51.761522,7.533978,0.0,0.0,80,0,0,0
6,70,0.1,CO-DMO-CT,2.90444,0.188388,0.621614,1.949324,0.333501,0.6125,13,12,28,27
6,70,0.1,CO-DMO,2.405831,0.264845,0.589185,1.4959,0.320745,0.6125,13,17,21,29
6,70,0.1,Offloading,9.59182,0.013557,1.671055,7.533119,0.387646,0.725,80,0,0,0
6,70,0.1,DVS,9.559578,0.799169,2.025813,7.533765,0.0,0.0,4,6,20,50
6,70,0.1,Baseline,14.720604,0.125,7.187485,7.533119,0.0,0.0,80,0,0,0
6,70,0.2,CO-DMO-CT,3.017227,0.434656,1.047404,1.47504,0.494782,0.575,17,14,18,31
6,70,0.2,CO-DMO,2.522595,0.393098,0.702102,1.273958,0.546536,0.6375,8,13,20,39
6,70,0.2,Offloading,10.227106,0.021691,2.073683,7.533191,0.620232,0.725,80,0,0,0
6,70,0.2,DVS,11.674501,0.998208,4.140573,7.533928,0.0,0.0,3,19,29,29
6,70,0.2,Baseline,18.433144,0.199999,10.899953,7.533191,0.0,0.0,80,0,0,0
6,70,0.3,CO-DMO-CT,3.281964,0.481228,0.996788,1.464099,0.821077,0.6625,13,9,26,32
6,70,0.3,CO-DMO,3.691293,0.525476,0.993522,1.884441,0.81333,0.65,12,17,20,31
6,70,0.3,Offloading,11.074151,0.032536,2.61052,7.533286,0.930345,0.725,80,0,0,0
6,70,0.3,DVS,15.932699,0.999227,8.398733,7.533965,0.0,0.0,9,34,26,11
6,70,0.3,Baseline,23.383182,0.299998,15.849895,7.533286,0.0,0.0,80,0,0,0
6,70,0.4,CO-DMO-CT,3.662823,0.39362,0.846908,1.588765,1.22715,0.725,8,13,27,32
6,70,0.4,CO-DMO,4.450801,0.617002,1.396993,1.926311,1.127496,0.6625,10,16,24,30
6,70,0.4,Offloading,11.921186,0.043381,3.147347,7.533382,1.240457,0.725,80,0,0,0
6,70,0.4,DVS,20.824403,0.997416,13.29041,7.533993,0.0,0.0,21,32,25,2
6,70,0.4,Baseline,28.333184,0.399996,20.799802,7.533382,0.0,0.0,80,0,0,0
6,70,0.5,CO-DMO-CT,5.138539,0.715573,1.702942,2.039363,1.396234,0.6375,11,12,25,32
6,70,0.5,CO-DMO,5.215656,0.77671,1.683405,2.132325,1.399927,0.65,11,21,20,28
6,70,0.5,Offloading,12.768232,0.054226,3.684186,7.533477,1.550569,0.725,80,0,0,0
6,70,0.5,DVS,26.609947,0.99454,19.075996,7.533952,0.0,0.0,36,26,17,1
6,70,0.5,Baseline,33.283201,0.499994,25.749724,7.533477,0.0,0.0,80,0,0,0
6,70,0.6,CO-DMO-CT,5.77345,0.626996,1.264661,2.668658,1.840132,0.725,12,16,21,31
6,70,0.6,CO-DMO,4.481789,0.384732,1.063391,1.512284,1.906113,0.7375,15,15,30,20
6,70,0.6,Offloading,13.615271,0.065071,4.22102,7.533573,1.860679,0.725,80,0,0,0
6,70,0.6,DVS,32.654084,0.998273,25.120164,7.533921,0.0,0.0,41,25,11,3
6,70,0.6,Baseline,38.23319,0.599992,30.699618,7.533573,0.0,0.0,80,0,0,0
6,70,0.7,CO-DMO-CT,4.963066,0.509205,1.01648,1.714033,2.232553,0.7625,8,13,35,24
6,70,0.7,CO-DMO,5.976008,0.68444,1.435963,2.379746,2.160299,0.725,10,15,26,29
6,70,0.7,Offloading,14.462295,0.075916,4.757839,7.533668,2.170788,0.725,80,0,0,0
6,70,0.7,DVS,38.598044,0.998757,31.064122,7.533921,0.0,0.0,53,21,5,1
6,70,0.7,Baseline,43.183139,0.699989,35.649471,7.533668,0.0,0.0,80,0,0,0
6,70,0.8,CO-DMO-CT,7.634727,0.699986,2.690253,2.52307,2.421404,0.7,12,20,23,25
6,70,0.8,CO-DMO,8.00981,0.999593,3.532847,2.356837,2.120126,0.65,17,16,28,19
6,70,0.8,Offloading,15.309284,0.08676,5.294631,7.533764,2.48089,0.725,80,0,0,0
6,70,0.8,DVS,44.964557,0.998647,37.43061,7.533948,0.0,0.0,62,16,2,0
6,70,0.8,Baseline,48.132995,0.799984,40.599231,7.533764,0.0,0.0,80,0,0,0
6,70,0.9,CO-DMO-CT,9.779336,0.842744,4.433944,2.901108,2.444285,0.675,18,23,23,16
6,70,0.9,CO-DMO,8.043696,0.774123,2.713456,2.646302,2.683938,0.7,13,21,24,22
6,70,0.9,Offloading,16.156306,0.097605,5.831447,7.533859,2.791,0.725,80,0,0,0
6,70,0.9,DVS,51.329986,0.999733,43.796046,7.53394,0.0,0.0,70,8,2,0
6,70,0.9,Baseline,53.082968,0.899982,45.549109,7.533859,0.0,0.0,80,0,0,0
6,70,1.0,CO-DMO-CT,9.764134,0.998555,4.397142,2.67676,2.690232,0.675,18,25,24,13
6,70,1.0,CO-DMO,9.019855,1.000303,3.850023,2.430953,2.738878,0.675,16,25,25,14
6,70,1.0,Offloading,16.791614,0.105739,6.234096,7.533931,3.023587,0.725,80,0,0,0
6,70,1.0,DVS,56.34959,0.999742,48.815633,7.533957,0.0,0.0,78,2,0,0
6,70,1.0,Baseline,56.795506,0.974981,49.261575,7.533931,0.0,0.0,80,0,0,0
6,70,1.1,CO-DMO-CT,15.538763,0.99009,10.238109,2.700129,2.600525,0.575,26,25,17,12
6,70,1.1,CO-DMO,12.554555,0.990632,6.949507,2.883064,2.721984,0.6375,21,23,22,14
6,70,1.1,Offloading,17.215115,0.111161,6.502492,7.533978,3.178645,0.725,80,0,0,0
6,70,1.1,DVS,59.2955,1.024981,51.761522,7.533978,0.0,0.0,80,0,0,0
6,70,1.1,Baseline,59.2955,1.024981,51.761522,7.533978,0.0,0.0,80,0,0,0
6,80,0.1,CO-DMO-CT,2.454874,0.22637,0.50792,1.650362,0.296592,0.6375,9,20,20,31
6,80,0.1,CO-DMO,2.206561,0.164855,0.365209,1.520036,0.321316,0.675,10,15,27,28
6,80,0.1,Offloading,9.357489,0.009527,1.471572,7.533119,0.352798,0.7625,80,0,0,0
6,80,0.1,DVS,9.559578,0.799169,2.025813,7.533765,0.0,0.0,4,6,20,50
6,80,0.1,Baseline,14.720604,0.125,7.187485,7.533119,0.0,0.0,80,0,0,0
6,80,0.2,CO-DMO-CT,3.195599,0.407119,0.975926,1.767281,0.452391,0.6,13,15,22,30
6,80,0.2,CO-DMO,2.32418,0.177349,0.514517,1.282428,0.527236,0.7,8,11,26,35
6,80,0.2,Offloading,9.852178,0.015243,1.754512,7.533191,0.564475,0.7625,80,0,0,0
6,80,0.2,DVS,11.674501,0.998208,4.140573,7.533928,0.0,0.0,3,19,29,29
6,80,0.2,Baseline,18.433144,0.199999,10.899953,7.533191,0.0,0.0,80,0,0,0
6,80,0.3,CO-DMO-CT,3.962435,0.423395,1.145668,2.077095,0.739672,0.6625,18,13,18,31
6,80,0.3,CO-DMO,3.921353,0.396822,1.401887,1.787539,0.731927,0.6625,11,22,16,31
6,80,0.3,Offloading,10.51176,0.022864,2.131763,7.533286,0.846711,0.7625,80,0,0,0
6,80,0.3,DVS,15.932699,0.999227,8.398733,7.533965,0.0,0.0,9,34,26,11
6,80,0.3,Baseline,23.383182,0.299998,15.849895,7.533286,0.0,0.0,80,0,0,0
6,80,0.4,CO-DMO-CT,3.778037,0.419212,0.814655,1.905921,1.057462,0.725,5,13,23,39
6,80,0.4,CO-DMO,3.773489,0.513762,0.951712,1.789299,1.032478,0.6875,11,20,18,31
6,80,0.4,Offloading,11.171333,0.030485,2.509006,7.533382,1.128945,0.7625,80,0,0,0
6,80,0.4,DVS,20.824403,0.997416,13.29041,7.533993,0.0,0.0,21,32,25,2
6,80,0.4,Baseline,28.333184,0.399996,20.799802,7.533382,0.0,0.0,80,0,0,0
6,80,0.5,CO-DMO-CT,4.29347,0.573192,1.264847,1.729613,1.29901,0.7,17,11,23,29
6,80,0.5,CO-DMO,4.969283,0.622344,1.463776,2.236549,1.268958,0.675,18,14,19,29
6,80,0.5,Offloading,11.830915,0.038106,2.886258,7.533477,1.411179,0.7625,80,0,0,0
6,80,0.5,DVS,26.609947,0.99454,19.075996,7.533952,0.0,0.0,36,26,17,1
6,80,0.5,Baseline,33.283201,0.499994,25.749724,7.533477,0.0,0.0,80,0,0,0
6,80,0.6,CO-DMO-CT,5.048276,0.66125,1.248377,2.206441,1.593458,0.7125,13,7,27,33
6,80,0.6,CO-DMO,4.935908,0.428527,1.402409,1.924718,1.608781,0.7375,12,19,24,25
6,80,0.6,Offloading,12.490496,0.045728,3.263512,7.533573,1.693411,0.7625,80,0,0,0
6,80,0.6,DVS,32.654084,0.998273,25.120164,7.533921,0.0,0.0,41,25,11,3
6,80,0.6,Baseline,38.23319,0.599992,30.699618,7.533573,0.0,0.0,80,0,0,0
6,80,0.7,CO-DMO-CT,6.024988,0.470054,1.758855,2.379563,1.88657,0.725,13,12,31,24
6,80,0.7,CO-DMO,5.667078,0.589926,1.752103,2.100389,1.814586,0.7125,12,16,28,24
6,80,0.7,Offloading,13.150047,0.053348,3.640736,7.533668,1.975644,0.7625,80,0,0,0
6,80,0.7,DVS,38.598044,0.998757,31.064122,7.533921,0.0,0.0,53,21,5,1
6,80,0.7,Baseline,43.183139,0.699989,35.649471,7.533668,0.0,0.0,80,0,0,0
6,80,0.8,CO-DMO-CT,7.546165,0.871692,3.289718,2.270514,1.985933,0.6625,11,18,30,21
6,80,0.8,CO-DMO,7.688378,0.865849,3.766628,2.0068,1.91495,0.65,11,15,30,24
6,80,0.8,Offloading,13.809576,0.060969,4.017944,7.533764,2.257869,0.7625,80,0,0,0
6,80,0.8,DVS,44.964557,0.998647,37.43061,7.533948,0.0,0.0,62,16,2,0
6,80,0.8,Baseline,48.132995,0.799984,40.599231,7.533764,0.0,0.0,80,0,0,0
6,80,0.9,CO-DMO-CT,8.563546,0.865665,3.612686,2.626031,2.324829,0.7,9,27,18,26
6,80,0.9,CO-DMO,8.409555,0.841153,3.311066,2.812751,2.285739,0.675,21,18,22,19
6,80,0.9,Offloading,14.469139,0.068589,4.395179,7.533859,2.540101,0.7625,80,0,0,0
6,80,0.9,DVS,51.329986,0.999733,43.796046,7.53394,0.0,0.0,70,8,2,0
6,80,0.9,Baseline,53.082968,0.899982,45.549109,7.533859,0.0,0.0,80,0,0,0
6,80,1.0,CO-DMO-CT,11.207482,0.956881,5.815462,3.080147,2.311873,0.6375,19,22,24,15
6,80,1.0,CO-DMO,9.080254,0.544137,3.496569,3.000313,2.583372,0.7125,21,23,19,17
6,80,1.0,Offloading,14.963849,0.074306,4.67814,7.533931,2.751779,0.7625,80,0,0,0
6,80,1.0,DVS,56.34959,0.999742,48.815633,7.533957,0.0,0.0,78,2,0,0
6,80,1.0,Baseline,56.795506,0.974981,49.261575,7.533931,0.0,0.0,80,0,0,0
6,80,1.1,CO-DMO-CT,13.150467,0.771514,8.13413,2.628428,2.387909,0.625,20,22,22,16
6,80,1.1,CO-DMO,9.272552,0.899211,3.910552,2.777369,2.584631,0.6875,20,21,24,15
6,80,1.1,Offloading,15.293628,0.078116,4.866752,7.533978,2.892898,0.7625,80,0,0,0
6,80,1.1,DVS,59.2955,1.024981,51.761522,7.533978,0.0,0.0,80,0,0,0
6,80,1.1,Baseline,59.2955,1.024981,51.761522,7.533978,0.0,0.0,80,0,0,0
6,90,0.1,CO-DMO-CT,2.429946,0.233658,0.672037,1.496788,0.261122,0.625,9,10,25,36
6,90,0.1,CO-DMO,2.26794,0.25088,0.488947,1.520108,0.258885,0.625,8,15,25,32
6,90,0.1,Offloading,9.949573,0.023014,2.139196,7.533119,0.277258,0.675,80,0,0,0
6,90,0.1,DVS,9.559578,0.799169,2.025813,7.533765,0.0,0.0,4,6,20,50
6,90,0.1,Baseline,14.720604,0.125,7.187485,7.533119,0.0,0.0,80,0,0,0
6,90,0.2,CO-DMO-CT,2.704104,0.241568,0.591426,1.651802,0.460876,0.6875,7,26,20,27
6,90,0.2,CO-DMO,3.103036,0.391709,0.890946,1.799337,0.412752,0.6125,8,14,19,39
6,90,0.2,Offloading,10.799511,0.036822,2.822709,7.533191,0.443611,0.675,80,0,0,0
6,90,0.2,DVS,11.674501,0.998208,4.140573,7.533928,0.0,0.0,3,19,29,29
6,90,0.2,Baseline,18.433144,0.199999,10.899953,7.533191,0.0,0.0,80,0,0,0
6,90,0.3,CO-DMO-CT,2.73236,0.282307,0.693611,1.325626,0.713123,0.725,9,17,22,32
6,90,0.3,CO-DMO,3.212893,0.451133,0.766648,1.765727,0.680518,0.6875,5,12,19,44
6,90,0.3,Offloading,11.932759,0.055233,3.734058,7.533286,0.665415,0.675,80,0,0,0
6,90,0.3,DVS,15.932699,0.999227,8.398733,7.533965,0.0,0.0,9,34,26,11
6,90,0.3,Baseline,23.383182,0.299998,15.849895,7.533286,0.0,0.0,80,0,0,0
6,90,0.4,CO-DMO-CT,3.731589,0.438672,1.057921,1.7435,0.930168,0.7125,11,9,26,34
6,90,0.4,CO-DMO,3.805097,0.539035,1.257893,1.644636,0.902568,0.6875,7,19,29,25
6,90,0.4,Offloading,13.06599,0.073644,4.64539,7.533382,0.887218,0.675,80,0,0,0
6,90,0.4,DVS,20.824403,0.997416,13.29041,7.533993,0.0,0.0,21,32,25,2
6,90,0.4,Baseline,28.333184,0.399996,20.799802,7.533382,0.0,0.0,80,0,0,0
6,90,0.5,CO-DMO-CT,4.055713,0.330644,0.83792,1.99827,1.219523,0.75,10,15,23,32
6,90,0.5,CO-DMO,4.447671,0.593429,1.304967,1.980859,1.161845,0.7,6,17,28,29
6,90,0.5,Offloading,14.19923,0.092055,5.556731,7.533477,1.109022,0.675,80,0,0,0
6,90,0.5,DVS,26.609947,0.99454,19.075996,7.533952,0.0,0.0,36,26,17,1
6,90,0.5,Baseline,33.283201,0.499994,25.749724,7.533477,0.0,0.0,80,0,0,0
6,90,0.6,CO-DMO-CT,5.569227,0.446108,1.590297,2.535618,1.443312,0.725,10,16,22,32
6,90,0.6,CO-DMO,5.413631,0.499983,1.772727,2.249005,1.391899,0.7,15,19,21,25
6,90,0.6,Offloading,15.33248,0.110466,6.468085,7.533573,1.330822,0.675,80,0,0,0
6,90,0.6,DVS,32.654084,0.998273,25.120164,7.533921,0.0,0.0,41,25,11,3
6,90,0.6,Baseline,38.23319,0.599992,30.699618,7.533573,0.0,0.0,80,0,0,0
6,90,0.7,CO-DMO-CT,5.767766,0.711616,1.851423,2.293038,1.623305,0.7,12,13,29,26
6,90,0.7,CO-DMO,5.004447,0.243649,1.299978,1.950081,1.754388,0.775,19,20,22,19
6,90,0.7,Offloading,16.465689,0.128877,7.379397,7.533668,1.552624,0.675,80,0,0,0
6,90,0.7,DVS,38.598044,0.998757,31.064122,7.533921,0.0,0.0,53,21,5,1
6,90,0.7,Baseline,43.183139,0.699989,35.649471,7.533668,0.0,0.0,80,0,0,0
6,90,0.8,CO-DMO-CT,6.274284,0.769884,2.439135,1.971517,1.863632,0.7,16,19,23,22
6,90,0.8,CO-DMO,7.190481,0.851381,2.907807,2.550299,1.732375,0.6625,9,22,25,24
6,90,0.8,Offloading,17.598877,0.147287,8.290694,7.533764,1.774419,0.675,80,0,0,0
6,90,0.8,DVS,44.964557,0.998647,37.43061,7.533948,0.0,0.0,62,16,2,0
6,90,0.8,Baseline,48.132995,0.799984,40.599231,7.533764,0.0,0.0,80,0,0,0
6,90,0.9,CO-DMO-CT,8.69039,0.844571,4.166677,2.516776,2.006937,0.675,26,16,22,16
6,90,0.9,CO-DMO,8.28559,0.63668,3.339477,2.870272,2.07584,0.6875,17,18,25,20
6,90,0.9,Offloading,18.732098,0.165697,9.202018,7.533859,1.996221,0.675,80,0,0,0
6,90,0.9,DVS,51.329986,0.999733,43.796046,7.53394,0.0,0.0,70,8,2,0
6,90,0.9,Baseline,53.082968,0.899982,45.549109,7.533859,0.0,0.0,80,0,0,0
6,90,1.0,CO-DMO-CT,8.804308,0.968337,3.917838,2.729604,2.156866,0.6875,16,28,22,14
6,90,1.0,CO-DMO,8.150079,0.747169,3.486679,2.395737,2.267664,0.7,5,27,28,20
6,90,1.0,Offloading,19.582056,0.179506,9.88555,7.533931,2.162575,0.675,80,0,0,0
6,90,1.0,DVS,56.34959,0.999742,48.815633,7.533957,0.0,0.0,78,2,0,0
6,90,1.0,Baseline,56.795506,0.974981,49.261575,7.533931,0.0,0.0,80,0,0,0
6,90,1.1,CO-DMO-CT,12.325178,0.97567,7.492532,2.711717,2.120929,0.625,21,25,21,13
6,90,1.1,CO-DMO,11.126554,0.998431,5.98539,3.015399,2.125765,0.625,21,18,28,13
6,90,1.1,Offloading,20.148651,0.188711,10.341194,7.533978,2.273478,0.675,80,0,0,0
6,90,1.1,DVS,59.2955,1.024981,51.761522,7.533978,0.0,0.0,80,0,0,0
6,90,1.1,Baseline,59.2955,1.024981,51.761522,7.533978,0.0,0.0,80,0,0,0
6,100,0.1,CO-DMO-CT,2.242164,0.238944,0.585552,1.423407,0.233205,0.625,9,17,22,32
6,100,0.1,CO-DMO,2.137974,0.135867,0.354504,1.521159,0.262311,0.7,11,13,23,33
6,100,0.1,Offloading,9.646771,0.017213,1.852029,7.533119,0.261623,0.7,80,0,0,0
6,100,0.1,DVS,9.559578,0.799169,2.025813,7.533765,0.0,0.0,4,6,20,50
6,100,0.1,Baseline,14.720604,0.125,7.187485,7.533119,0.0,0.0,80,0,0,0
6,100,0.2,CO-DMO-CT,2.616034,0.263192,0.674916,1.540095,0.401023,0.675,6,15,29,30
6,100,0.2,CO-DMO,3.210445,0.347529,0.969988,1.872158,0.368299,0.625,12,14,21,33
6,100,0.2,Offloading,10.315029,0.02754,2.363242,7.533191,0.418596,0.7,80,0,0,0
6,100,0.2,DVS,11.674501,0.998208,4.140573,7.533928,0.0,0.0,3,19,29,29
6,100,0.2,Baseline,18.433144,0.199999,10.899953,7.533191,0.0,0.0,80,0,0,0
6,100,0.3,CO-DMO-CT,3.096716,0.418372,0.833205,1.642125,0.621387,0.7,11,15,21,33
6,100,0.3,CO-DMO,3.563842,0.465833,1.028631,1.948826,0.586385,0.65,12,17,19,32
6,100,0.3,Offloading,11.206035,0.04131,3.044856,7.533286,0.627892,0.7,80,0,0,0
6,100,0.3,DVS,15.932699,0.999227,8.398733,7.533965,0.0,0.0,9,34,26,11
6,100,0.3,Baseline,23.383182,0.299998,15.849895,7.533286,0.0,0.0,80,0,0,0
6,100,0.4,CO-DMO-CT,4.022763,0.538628,1.216589,2.018008,0.788166,0.6625,7,14,27,32
6,100,0.4,CO-DMO,4.279626,0.87343,1.900798,1.660889,0.717939,0.5875,17,13,25,25
6,100,0.4,Offloading,12.097033,0.05508,3.726464,7.533382,0.837188,0.7,80,0,0,0
6,100,0.4,DVS,20.824403,0.997416,13.29041,7.533993,0.0,0.0,21,32,25,2
6,100,0.4,Baseline,28.333184,0.399996,20.799802,7.533382,0.0,0.0,80,0,0,0
6,100,0.5,CO-DMO-CT,4.852407,0.762116,1.597041,2.272608,0.982758,0.65,11,11,21,37
6,100,0.5,CO-DMO,4.697452,0.5048,1.427726,2.233812,1.035915,0.7125,15,13,25,27
6,100,0.5,Offloading,12.988032,0.06885,4.408071,7.533477,1.046484,0.7,80,0,0,0
6,100,0.5,DVS,26.609947,0.99454,19.075996,7.533952,0.0,0.0,36,26,17,1
6,100,0.5,Baseline,33.283201,0.499994,25.749724,7.533477,0.0,0.0,80,0,0,0
6,100,0.6,CO-DMO-CT,5.433029,0.702771,1.71735,2.47489,1.240789,0.7,14,18,19,29
6,100,0.6,CO-DMO,4.666203,0.470501,1.384497,1.993231,1.288476,0.7125,11,11,28,30
6,100,0.6,Offloading,13.879045,0.08262,5.089696,7.533573,1.255777,0.7,80,0,0,0
6,100,0.6,DVS,32.654084,0.998273,25.120164,7.533921,0.0,0.0,41,25,11,3
6,100,0.6,Baseline,38.23319,0.599992,30.699618,7.533573,0.0,0.0,80,0,0,0
6,100,0.7,CO-DMO-CT,5.382426,0.743677,1.873512,2.026709,1.482205,0.7,20,13,20,27
6,100,0.7,CO-DMO,5.423003,0.746522,1.691679,2.267953,1.463371,0.7,18,17,21,24
6,100,0.7,Offloading,14.770015,0.096389,5.771275,7.533668,1.465071,0.7,80,0,0,0
6,100,0.7,DVS,38.598044,0.998757,31.064122,7.533921,0.0,0.0,53,21,5,1
6,100,0.7,Baseline,43.183139,0.699989,35.649471,7.533668,0.0,0.0,80,0,0,0
6,100,0.8,CO-DMO-CT,6.795803,0.765199,2.998476,2.131562,1.665764,0.6875,11,24,25,20
6,100,0.8,CO-DMO,6.623431,0.764573,2.679151,2.281933,1.662347,0.7,16,17,24,23
6,100,0.8,Offloading,15.660969,0.110159,6.452846,7.533764,1.674359,0.7,80,0,0,0
6,100,0.8,DVS,44.964557,0.998647,37.43061,7.533948,0.0,0.0,62,16,2,0
6,100,0.8,Baseline,48.132995,0.799984,40.599231,7.533764,0.0,0.0,80,0,0,0
6,100,0.9,CO-DMO-CT,9.785783,0.72166,5.266102,2.771925,1.747755,0.65,13,26,27,14
6,100,0.9,CO-DMO,6.507512,0.636539,1.951363,2.657967,1.898181,0.725,21,20,16,23
6,100,0.9,Offloading,16.551954,0.123928,7.134442,7.533859,1.883653,0.7,80,0,0,0
6,100,0.9,DVS,51.329986,0.999733,43.796046,7.53394,0.0,0.0,70,8,2,0
6,100,0.9,Baseline,53.082968,0.899982,45.549109,7.533859,0.0,0.0,80,0,0,0
6,100,1.0,CO-DMO-CT,8.522587,0.730078,3.8879,2.652367,1.98232,0.7125,16,26,20,18
6,100,1.0,CO-DMO,9.421589,0.814849,4.790484,2.712374,1.91873,0.675,17,22,25,16
6,100,1.0,Offloading,17.220229,0.134256,7.645672,7.533931,2.040627,0.7,80,0,0,0
6,100,1.0,DVS,56.34959,0.999742,48.815633,7.533957,0.0,0.0,78,2,0,0
6,100,1.0,Baseline,56.795506,0.974981,49.261575,7.533931,0.0,0.0,80,0,0,0
6,100,1.1,CO-DMO-CT,13.193546,0.920624,8.271811,3.012502,1.909233,0.6125,18,24,22,16
6,100,1.1,CO-DMO,9.462156,0.752824,4.706126,2.711082,2.044948,0.675,30,17,24,9
6,100,1.1,Offloading,17.665696,0.14114,7.986441,7.533978,2.145277,0.7,80,0,0,0
6,100,1.1,DVS,59.2955,1.024981,51.761522,7.533978,0.0,0.0,80,0,0,0
6,100,1.1,Baseline,59.2955,1.024981,51.761522,7.533978,0.0,0.0,80,0,0,0
6,110,0.1,CO-DMO-CT,2.389998,0.263816,0.712285,1.479861,0.197852,0.6,8,16,31,25
6,110,0.1,CO-DMO,2.253217,0.168123,0.400203,1.624977,0.228037,0.6625,13,15,25,27
6,110,0.1,Offloading,9.419115,0.012916,1.63935,7.533119,0.246645,0.7375,80,0,0,0
6,110,0.1,DVS,9.559578,0.799169,2.025813,7.533765,0.0,0.0,4,6,20,50
6,110,0.1,Baseline,14.720604,0.125,7.187485,7.533119,0.0,0.0,80,0,0,0
6,110,0.2,CO-DMO-CT,2.766939,0.380571,0.865954,1.555659,0.345326,0.625,14,17,18,31
6,110,0.2,CO-DMO,3.029852,0.33498,0.794885,1.888827,0.346141,0.6375,12,9,23,36
6,110,0.2,Offloading,9.950778,0.020666,2.022955,7.533191,0.394632,0.7375,80,0,0,0
6,110,0.2,DVS,11.674501,0.998208,4.140573,7.533928,0.0,0.0,3,19,29,29
6,110,0.2,Baseline,18.433144,0.199999,10.899953,7.533191,0.0,0.0,80,0,0,0
6,110,0.3,CO-DMO-CT,3.676408,0.367182,1.118403,2.012583,0.545421,0.6625,5,18,31,26
6,110,0.3,CO-DMO,3.64812,0.453944,1.03605,2.079841,0.53223,0.65,11,9,20,40
6,110,0.3,Offloading,10.659661,0.030999,2.534428,7.533286,0.591946,0.7375,80,0,0,0
6,110,0.3,DVS,15.932699,0.999227,8.398733,7.533965,0.0,0.0,9,34,26,11
6,110,0.3,Baseline,23.383182,0.299998,15.849895,7.533286,0.0,0.0,80,0,0,0
6,110,0.4,CO-DMO-CT,3.619026,0.511933,1.135108,1.741051,0.742867,0.7,7,24,23,26
6,110,0.4,CO-DMO,3.556774,0.63708,1.151084,1.679805,0.725884,0.675,12,12,19,37
6,110,0.4,Offloading,11.368531,0.041331,3.04589,7.533382,0.78926,0.7375,80,0,0,0
6,110,0.4,DVS,20.824403,0.997416,13.29041,7.533993,0.0,0.0,21,32,25,2
6,110,0.4,Baseline,28.333184,0.399996,20.799802,7.533382,0.0,0.0,80,0,0,0
6,110,0.5,CO-DMO-CT,4.10116,0.536659,1.321268,1.82949,0.950402,0.7,8,22,24,26
6,110,0.5,CO-DMO,4.5127,0.614139,1.831751,1.778648,0.902301,0.6625,10,14,31,25
6,110,0.5,Offloading,12.07741,0.051664,3.557359,7.533477,0.986573,0.7375,80,0,0,0
6,110,0.5,DVS,26.609947,0.99454,19.075996,7.533952,0.0,0.0,36,26,17,1
6,110,0.5,Baseline,33.283201,0.499994,25.749724,7.533477,0.0,0.0,80,0,0,0
6,110,0.6,CO-DMO-CT,5.605163,0.609031,1.93309,2.539823,1.13225,0.6875,14,13,29,24
6,110,0.6,CO-DMO,4.546162,0.725892,1.378933,2.026471,1.140758,0.7125,12,8,31,29
6,110,0.6,Offloading,12.786294,0.061997,4.068837,7.533573,1.183885,0.7375,80,0,0,0
6,110,0.6,DVS,32.654084,0.998273,25.120164,7.533921,0.0,0.0,41,25,11,3
6,110,0.6,Baseline,38.23319,0.599992,30.699618,7.533573,0.0,0.0,80,0,0,0
6,110,0.7,CO-DMO-CT,5.307393,0.749444,1.890305,2.080974,1.336114,0.7,16,19,25,20
6,110,0.7,CO-DMO,6.037812,0.770924,1.90485,2.817602,1.31536,0.7,12,20,23,25
6,110,0.7,Offloading,13.495144,0.072329,4.580278,7.533668,1.381198,0.7375,80,0,0,0
6,110,0.7,DVS,38.598044,0.998757,31.064122,7.533921,0.0,0.0,53,21,5,1
6,110,0.7,Baseline,43.183139,0.699989,35.649471,7.533668,0.0,0.0,80,0,0,0
6,110,0.8,CO-DMO-CT,6.502703,0.809758,2.798031,2.214766,1.489906,0.6875,9,23,28,20
6,110,0.8,CO-DMO,6.019417,0.6677,2.153786,2.366899,1.498731,0.7,8,23,22,27
6,110,0.8,Offloading,14.203972,0.082661,5.091704,7.533764,1.578505,0.7375,80,0,0,0
6,110,0.8,DVS,44.964557,0.998647,37.43061,7.533948,0.0,0.0,62,16,2,0
6,110,0.8,Baseline,48.132995,0.799984,40.599231,7.533764,0.0,0.0,80,0,0,0
6,110,0.9,CO-DMO-CT,8.487108,0.933614,4.511242,2.361002,1.614864,0.6625,13,30,25,12
6,110,0.9,CO-DMO,6.791067,0.897587,2.701079,2.387509,1.702479,0.7,18,22,16,24
6,110,0.9,Offloading,14.912828,0.092993,5.603152,7.533859,1.775817,0.7375,80,0,0,0
6,110,0.9,DVS,51.329986,0.999733,43.796046,7.53394,0.0,0.0,70,8,2,0
6,110,0.9,Baseline,53.082968,0.899982,45.549109,7.533859,0.0,0.0,80,0,0,0
6,110,1.0,CO-DMO-CT,7.631978,1.000367,3.29604,2.533117,1.802821,0.6875,9,22,30,19
6,110,1.0,CO-DMO,7.254349,0.879938,2.650578,2.740886,1.862885,0.7125,19,17,22,22
6,110,1.0,Offloading,15.444502,0.100743,5.986767,7.533931,1.923805,0.7375,80,0,0,0
6,110,1.0,DVS,56.34959,0.999742,48.815633,7.533957,0.0,0.0,78,2,0,0
6,110,1.0,Baseline,56.795506,0.974981,49.261575,7.533931,0.0,0.0,80,0,0,0
6,110,1.1,CO-DMO-CT,11.016957,0.844435,6.469643,2.735976,1.811338,0.65,23,18,21,18
6,110,1.1,CO-DMO,11.03121,0.959959,6.426838,2.848742,1.75563,0.625,23,20,28,9
6,110,1.1,Offloading,15.79896,0.105909,6.24252,7.533978,2.022461,0.7375,80,0,0,0
6,110,1.1,DVS,59.2955,1.024981,51.761522,7.533978,0.0,0.0,80,0,0,0
6,110,1.1,Baseline,59.2955,1.024981,51.761522,7.533978,0.0,0.0,80,0,0,0
6,120,0.1,CO-DMO-CT,2.532279,0.335954,0.706928,1.649585,0.175767,0.55,8,27,17,28
6,120,0.1,CO-DMO,2.877586,0.318746,0.746057,1.957771,0.173758,0.5375,8,12,25,35
6,120,0.1,Offloading,9.65762,0.018322,1.906931,7.533119,0.21757,0.7,80,0,0,0
6,120,0.1,DVS,9.559578,0.799169,2.025813,7.533765,0.0,0.0,4,6,20,50
6,120,0.1,Baseline,14.720604,0.125,7.187485,7.533119,0.0,0.0,80,0,0,0
6,120,0.2,CO-DMO-CT,2.89617,0.295915,0.59565,1.968561,0.331959,0.6625,4,21,22,33
6,120,0.2,CO-DMO,2.687239,0.294947,0.584193,1.774185,0.32886,0.6625,2,18,30,30
6,120,0.2,Offloading,10.332386,0.029315,2.451084,7.533191,0.348111,0.7,80,0,0,0
6,120,0.2,DVS,11.674501,0.998208,4.140573,7.533928,0.0,0.0,3,19,29,29
6,120,0.2,Baseline,18.433144,0.199999,10.899953,7.533191,0.0,0.0,80,0,0,0
6,120,0.3,CO-DMO-CT,3.403109,0.478941,1.148894,1.763094,0.491121,0.65,11,12,24,33
6,120,0.3,CO-DMO,3.010268,0.244025,0.591284,1.876371,0.542613,0.7375,6,17,27,30
6,120,0.3,Offloading,11.232071,0.043972,3.176619,7.533286,0.522166,0.7,80,0,0,0
6,120,0.3,DVS,15.932699,0.999227,8.398733,7.533965,0.0,0.0,9,34,26,11
6,120,0.3,Baseline,23.383182,0.299998,15.849895,7.533286,0.0,0.0,80,0,0,0
6,120,0.4,CO-DMO-CT,4.01914,0.556118,1.130406,2.204461,0.684273,0.6875,16,13,16,35
6,120,0.4,CO-DMO,3.665462,0.52952,1.265946,1.727919,0.671597,0.675,11,21,18,30
6,120,0.4,Offloading,12.131748,0.058629,3.902147,7.533382,0.696219,0.7,80,0,0,0
6,120,0.4,DVS,20.824403,0.997416,13.29041,7.533993,0.0,0.0,21,32,25,2
6,120,0.4,Baseline,28.333184,0.399996,20.799802,7.533382,0.0,0.0,80,0,0,0
6,120,0.5,CO-DMO-CT,4.347584,0.44721,1.263707,2.189614,0.894263,0.725,11,20,18,31
6,120,0.5,CO-DMO,4.002881,0.721655,1.466703,1.704122,0.832057,0.6625,10,19,30,21
6,120,0.5,Offloading,13.031431,0.073286,4.627681,7.533477,0.870273,0.7,80,0,0,0
6,120,0.5,DVS,26.609947,0.99454,19.075996,7.533952,0.0,0.0,36,26,17,1
6,120,0.5,Baseline,33.283201,0.499994,25.749724,7.533477,0.0,0.0,80,0,0,0
6,120,0.6,CO-DMO-CT,5.275954,0.824997,1.938182,2.354303,0.98347,0.6875,15,16,19,30
6,120,0.6,CO-DMO,4.864964,0.535892,1.641801,2.175523,1.04764,0.7,15,13,29,23
6,120,0.6,Offloading,13.931103,0.087944,5.353205,7.533573,1.044325,0.7,80,0,0,0
6,120,0.6,DVS,32.654084,0.998273,25.120164,7.533921,0.0,0.0,41,25,11,3
6,120,0.6,Baseline,38.23319,0.599992,30.699618,7.533573,0.0,0.0,80,0,0,0
6,120,0.7,CO-DMO-CT,4.574978,0.52388,1.474668,1.83557,1.264741,0.725,10,12,33,25
6,120,0.7,CO-DMO,5.670723,0.648934,1.928089,2.524092,1.218543,0.7,9,21,25,25
6,120,0.7,Offloading,14.83076,0.1026,6.078713,7.533668,1.218378,0.7,80,0,0,0
6,120,0.7,DVS,38.598044,0.998757,31.064122,7.533921,0.0,0.0,53,21,5,1
6,120,0.7,Baseline,43.183139,0.699989,35.649471,7.533668,0.0,0.0,80,0,0,0
6,120,0.8,CO-DMO-CT,6.633541,0.857532,2.515675,2.743072,1.374794,0.6875,13,14,26,27
6,120,0.8,CO-DMO,5.817193,0.529941,1.869535,2.528613,1.419045,0.725,10,17,33,20
6,120,0.8,Offloading,15.730411,0.117257,6.804223,7.533764,1.392425,0.7,80,0,0,0
6,120,0.8,DVS,44.964557,0.998647,37.43061,7.533948,0.0,0.0,62,16,2,0
6,120,0.8,Baseline,48.132995,0.799984,40.599231,7.533764,0.0,0.0,80,0,0,0
6,120,0.9,CO-DMO-CT,8.954838,0.75598,5.136651,2.331165,1.487023,0.6625,14,28,20,18
6,120,0.9,CO-DMO,7.932096,1.000312,4.142359,2.323945,1.465792,0.6375,16,18,29,17
6,120,0.9,Offloading,16.630057,0.131914,7.52972,7.533859,1.566478,0.7,80,0,0,0
6,120,0.9,DVS,51.329986,0.999733,43.796046,7.53394,0.0,0.0,70,8,2,0
6,120,0.9,Baseline,53.082968,0.899982,45.549109,7.533859,0.0,0.0,80,0,0,0
6,120,1.0,CO-DMO-CT,8.179345,0.803199,4.338585,2.169623,1.671137,0.7,27,20,17,16
6,120,1.0,CO-DMO,7.892321,0.862875,3.815197,2.446805,1.630319,0.6875,23,18,25,14
6,120,1.0,Offloading,17.304873,0.142908,8.073923,7.533931,1.697019,0.7,80,0,0,0
6,120,1.0,DVS,56.34959,0.999742,48.815633,7.533957,0.0,0.0,78,2,0,0
6,120,1.0,Baseline,56.795506,0.974981,49.261575,7.533931,0.0,0.0,80,0,0,0
6,120,1.1,CO-DMO-CT,12.066186,0.950472,7.938699,2.511671,1.615816,0.625,26,15,19,20
6,120,1.1,CO-DMO,10.484243,0.929937,6.343487,2.533342,1.607414,0.6375,25,21,27,7
6,120,1.1,Offloading,17.75466,0.150235,8.436634,7.533978,1.784048,0.7,80,0,0,0
6,120,1.1,DVS,59.2955,1.024981,51.761522,7.533978,0.0,0.0,80,0,0,0
6,120,1.1,Baseline,59.2955,1.024981,51.761522,7.533978,0.0,0.0,80,0,0,0
6,130,0.1,CO-DMO-CT,1.968366,0.153483,0.395415,1.374384,0.198567,0.6875,13,17,22,28
6,130,0.1,CO-DMO,2.266845,0.211901,0.496561,1.584925,0.185359,0.65,11,15,20,34
6,130,0.1,Offloading,9.640884,0.018322,1.906931,7.533119,0.200834,0.7,80,0,0,0
6,130,0.1,DVS,9.559578,0.799169,2.025813,7.533765,0.0,0.0,4,6,20,50
6,130,0.1,Baseline,14.720604,0.125,7.187485,7.533119,0.0,0.0,80,0,0,0
6,130,0.2,CO-DMO-CT,2.535977,0.347773,0.888938,1.362789,0.284251,0.6375,7,19,22,32
6,130,0.2,CO-DMO,2.27896,0.226202,0.65334,1.313302,0.312318,0.675,6,17,29,28
6,130,0.2,Offloading,10.305608,0.029315,2.451084,7.533191,0.321334,0.7,80,0,0,0
6,130,0.2,DVS,11.674501,0.998208,4.140573,7.533928,0.0,0.0,3,19,29,29
6,130,0.2,Baseline,18.433144,0.199999,10.899953,7.533191,0.0,0.0,80,0,0,0
6,130,0.3,CO-DMO-CT,2.873744,0.334219,0.72151,1.668064,0.48417,0.7,6,18,22,34
6,130,0.3,CO-DMO,3.957722,0.781615,1.625719,1.967143,0.36486,0.5625,6,17,21,36
6,130,0.3,Offloading,11.191905,0.043972,3.176619,7.533286,0.481999,0.7,80,0,0,0
6,130,0.3,DVS,15.932699,0.999227,8.398733,7.533965,0.0,0.0,9,34,26,11
6,130,0.3,Baseline,23.383182,0.299998,15.849895,7.533286,0.0,0.0,80,0,0,0
6,130,0.4,CO-DMO-CT,3.435409,0.6278,1.348577,1.476882,0.60995,0.6625,9,11,29,31
6,130,0.4,CO-DMO,3.817394,0.632272,1.565414,1.647844,0.604137,0.6625,4,15,22,39
6,130,0.4,Offloading,12.078193,0.058629,3.902147,7.533382,0.642664,0.7,80,0,0,0
6,130,0.4,DVS,20.824403,0.997416,13.29041,7.533993,0.0,0.0,21,32,25,2
6,130,0.4,Baseline,28.333184,0.399996,20.799802,7.533382,0.0,0.0,80,0,0,0
6,130,0.5,CO-DMO-CT,3.539539,0.437153,0.944248,1.772159,0.823132,0.7375,11,12,29,28
6,130,0.5,CO-DMO,4.192909,0.516551,1.073743,2.314423,0.804743,0.7,5,14,26,35
6,130,0.5,Offloading,12.964487,0.073286,4.627681,7.533477,0.803329,0.7,80,0,0,0
6,130,0.5,DVS,26.609947,0.99454,19.075996,7.533952,0.0,0.0,36,26,17,1
6,130,0.5,Baseline,33.283201,0.499994,25.749724,7.533477,0.0,0.0,80,0,0,0
6,130,0.6,CO-DMO-CT,4.763021,0.940695,1.95986,1.893789,0.909372,0.65,12,12,27,29
6,130,0.6,CO-DMO,4.727541,0.583086,1.981757,1.794095,0.951688,0.6875,17,11,25,27
6,130,0.6,Offloading,13.85077,0.087944,5.353205,7.533573,0.963993,0.7,80,0,0,0
6,130,0.6,DVS,32.654084,0.998273,25.120164,7.533921,0.0,0.0,41,25,11,3
6,130,0.6,Baseline,38.23319,0.599992,30.699618,7.533573,0.0,0.0,80,0,0,0
6,130,0.7,CO-DMO-CT,5.350082,0.657322,1.895701,2.325568,1.128814,0.7,13,15,30,22
6,130,0.7,CO-DMO,5.181097,0.853599,1.731842,2.349755,1.0995,0.6875,13,16,21,30
6,130,0.7,Offloading,14.737038,0.1026,6.078713,7.533668,1.124657,0.7,80,0,0,0
6,130,0.7,DVS,38.598044,0.998757,31.064122,7.533921,0.0,0.0,53,21,5,1
6,130,0.7,Baseline,43.183139,0.699989,35.649471,7.533668,0.0,0.0,80,0,0,0
6,130,0.8,CO-DMO-CT,6.542908,0.794929,2.738027,2.529569,1.275311,0.6875,9,19,26,26
6,130,0.8,CO-DMO,6.970104,0.726042,3.431253,2.328415,1.210436,0.6625,11,20,28,21
6,130,0.8,Offloading,15.623302,0.117257,6.804223,7.533764,1.285315,0.7,80,0,0,0
6,130,0.8,DVS,44.964557,0.998647,37.43061,7.533948,0.0,0.0,62,16,2,0
6,130,0.8,Baseline,48.132995,0.799984,40.599231,7.533764,0.0,0.0,80,0,0,0
6,130,0.9,CO-DMO-CT,9.306547,0.684471,5.579222,2.376859,1.350466,0.65,16,26,25,13
6,130,0.9,CO-DMO,7.412567,0.921683,3.287678,2.722172,1.402718,0.6625,14,23,19,24
6,130,0.9,Offloading,16.509559,0.131914,7.52972,7.533859,1.44598,0.7,80,0,0,0
6,130,0.9,DVS,51.329986,0.999733,43.796046,7.53394,0.0,0.0,70,8,2,0
6,130,0.9,Baseline,53.082968,0.899982,45.549109,7.533859,0.0,0.0,80,0,0,0
6,130,1.0,CO-DMO-CT,8.798378,0.91362,5.190221,2.132604,1.475554,0.6625,28,20,17,15
6,130,1.0,CO-DMO,8.560821,0.880491,4.751122,2.302509,1.50719,0.6625,21,19,23,17
6,130,1.0,Offloading,17.174333,0.142908,8.073923,7.533931,1.566479,0.7,80,0,0,0
6,130,1.0,DVS,56.34959,0.999742,48.815633,7.533957,0.0,0.0,78,2,0,0
6,130,1.0,Baseline,56.795506,0.974981,49.261575,7.533931,0.0,0.0,80,0,0,0
6,130,1.1,CO-DMO-CT,12.086429,0.723391,7.897501,2.663676,1.525252,0.6375,26,23,14,17
6,130,1.1,CO-DMO,12.508274,0.953792,8.033156,3.083749,1.391368,0.6,20,24,20,16
6,130,1.1,Offloading,17.617425,0.150235,8.436634,7.533978,1.646813,0.7,80,0,0,0
6,130,1.1,DVS,59.2955,1.024981,51.761522,7.533978,0.0,0.0,80,0,0,0
6,130,1.1,Baseline,59.2955,1.024981,51.761522,7.533978,0.0,0.0,80,0,0,0
